BAS_DD,MARKET,ISU_CD,ISU_NM,TDD_CLSPRC,ACC_TRDVOL,MKTCAP,MA5,MA10,MA20,MA60,VOLUME_RATIO,RETURN_20D_PCT,UPTREND,TECHNICAL_SCREEN
20261007,KOSPI,000020,동화약품,5610,2421088,156695546700,5274.0,5155.0,5150.0,5112.167,6.979,7.678,True,True
20261007,KOSPI,226320,잇츠한불,11760,99483,257888744400,10956.0,10756.0,10589.0,10329.167,4.6,10.839,True,True
20261007,KOSPI,009070,KCTC,4175,449028,125250000000,4094.0,4079.0,4051.5,3981.083,4.485,0.845,True,True
20261007,KOSDAQ,274090,켄코아에어로스페이스,12450,4585198,171488877150,12932.0,12785.0,11603.5,10487.833,3.766,29.688,True,True
20261007,KOSDAQ,488900,비츠로넥스텍,10900,490469,315843228700,11150.0,10912.0,10644.0,9454.667,3.241,16.578,True,True
20261007,KOSPI,003350,한국화장품제조,16830,5829553,381367800000,15868.0,15627.0,14990.5,11649.333,3.232,32.0,True,True
20261007,KOSDAQ,131030,옵투스제약,6420,103139,113291107800,6308.0,6075.0,5886.0,5752.083,3.196,12.238,True,True
20261007,KOSPI,018670,SK가스,270500,31055,2507330502000,249300.0,245250.0,244400.0,234158.333,3.051,13.417,True,True
20261007,KOSDAQ,041960,코미팜,11000,731843,820800211000,10190.0,9999.0,9794.5,8732.667,2.976,13.285,True,True
20261007,KOSPI,284740,쿠쿠홈시스,24900,35999,558689517000,24570.0,24265.0,23852.5,22583.333,2.903,5.957,True,True
20261007,KOSPI,008930,한미사이언스,58100,702637,3973549055000,55300.0,53470.0,52990.0,44682.5,2.786,10.038,True,True
20261007,KOSDAQ,142210,유니트론텍,6960,451250,144429764880,6740.0,6492.0,6213.0,5863.667,2.78,15.232,True,True
20261007,KOSDAQ,013990,아가방컴퍼니,5250,200423,172659564000,5202.0,5006.5,4878.0,4498.333,2.726,13.514,True,True
20261007,KOSPI,004700,조광피혁,66500,1737,442167677000,66660.0,66570.0,66190.0,64686.667,2.655,3.744,True,True
20261007,KOSPI,001360,삼성제약,1434,1051254,135028421286,1419.6,1363.7,1361.2,1311.667,2.492,8.719,True,True
20261007,KOSPI,066575,LG전자우,73700,166830,1266261736300,75240.0,73560.0,72435.0,68915.0,2.382,-1.471,True,True
20261007,KOSDAQ,033100,제룡전기,49150,160566,789467402350,49080.0,48230.0,47297.5,45951.667,2.342,10.823,True,True
20261007,KOSPI,009290,광동제약,6900,287649,343618675200,6650.0,6532.0,6433.0,6265.0,2.327,8.833,True,True
20261007,KOSDAQ,053610,프로텍,80700,81015,726300000000,83560.0,78750.0,70670.0,64697.5,2.324,34.5,True,True
20261007,KOSDAQ,038290,마크로젠,12470,29293,135192258000,12502.0,12300.0,12114.0,12051.5,2.282,1.382,True,True
20261007,KOSDAQ,259630,엠플러스,10330,191714,126257350680,10034.0,9554.0,9411.5,9353.333,2.251,9.544,True,True
20261007,KOSDAQ,260970,에스앤디,62900,27734,181954226600,60800.0,59120.0,56845.0,54173.333,2.177,16.481,True,True
20261007,KOSDAQ,136540,윈스테크넷,11000,31226,135077206000,10870.0,10841.0,10791.5,10584.833,2.154,1.382,True,True
20261007,KOSDAQ,053800,안랩,77700,249607,864529516200,79380.0,76240.0,68615.0,60461.667,2.116,34.662,True,True
20261007,KOSPI,102460,이연제약,10240,44191,190328944640,10108.0,10077.0,10053.0,10047.833,2.103,2.708,True,True
20261007,KOSPI,025000,KPX케미칼,58600,9595,242998671000,57400.0,57190.0,56105.0,52910.0,2.091,7.721,True,True
20261007,KOSPI,012750,에스원,83800,135181,3184331116400,83480.0,83450.0,82830.0,78155.0,2.085,5.808,True,True
20261007,KOSDAQ,256840,한국비엔씨,3285,9650072,224677200510,3233.0,3112.0,2933.0,2636.5,2.03,23.496,True,True
20261007,KOSPI,007660,이수페타시스,122000,1381280,8955924718000,122720.0,118600.0,113635.0,100616.667,1.909,9.811,True,True
20261007,KOSDAQ,012860,모베이스전자,2460,888642,180154304220,2431.0,2360.0,2319.0,2300.633,1.897,11.061,True,True
20261007,KOSDAQ,189300,인텔리안테크,68500,117066,735518544500,70080.0,69070.0,66965.0,66059.167,1.89,8.558,True,True
20261007,KOSDAQ,131290,티에스이,316000,259207,3495411564000,302800.0,294350.0,275425.0,246395.0,1.861,33.615,True,True
20261007,KOSDAQ,251970,펌텍코리아,67200,185167,833280000000,63000.0,61410.0,58895.0,53376.667,1.861,21.519,True,True
20261007,KOSDAQ,147830,제룡산업,7230,193687,144600000000,7216.0,7141.0,7046.0,6742.833,1.835,5.24,True,True
20261007,KOSPI,128940,한미약품,534000,191955,6841069194000,511900.0,509750.0,498725.0,439525.0,1.832,12.777,True,True
20261007,KOSPI,005500,삼진제약,19820,39601,264002400000,19270.0,18916.0,18743.0,18305.833,1.827,5.707,True,True
20261007,KOSPI,029460,케이씨,47250,64214,520720278750,45120.0,44705.0,42115.0,35666.667,1.821,24.342,True,True
20261007,KOSDAQ,236200,슈프리마,54800,46673,382192242800,56860.0,55380.0,53190.0,53131.667,1.788,5.385,True,True
20261007,KOSPI,001250,GS글로벌,3065,948560,252965986660,2973.0,2786.0,2704.5,2676.833,1.774,15.226,True,True
20261007,KOSPI,002960,한국쉘석유,541000,1476,703300000000,526000.0,520800.0,513525.0,506766.667,1.734,8.308,True,True
20261007,KOSDAQ,037030,파워넷,3950,686058,100776318400,3914.0,3791.0,3575.5,3527.833,1.666,24.409,True,True
20261007,KOSDAQ,416180,신성에스티,27850,56165,251757817300,26540.0,25650.0,24967.5,21994.833,1.639,9.646,True,True
20261007,KOSDAQ,451760,컨텍,8070,237226,133217736180,8428.0,8309.0,7882.5,7545.833,1.615,15.782,True,True
20261007,KOSPI,011930,신성이엔지,19640,320671,398813414480,19222.0,18156.0,17234.5,16307.0,1.577,21.912,True,True
20261007,KOSPI,195870,해성디에스,64700,262563,1099900000000,65020.0,62530.0,57220.0,54515.0,1.552,29.659,True,True
20261007,KOSDAQ,100120,뷰웍스,29450,24147,264208053950,28540.0,27205.0,26572.5,25566.667,1.548,11.765,True,True
20261007,KOSDAQ,199820,제일일렉트릭,7760,197218,172427200000,7786.0,7705.0,7614.5,7323.333,1.545,6.887,True,True
20261007,KOSDAQ,418550,제이오,5340,89348,170974373820,5158.0,4989.0,4911.5,4510.75,1.542,13.981,True,True
20261007,KOSDAQ,053350,이니텍,4850,108040,106802165250,4789.0,4703.5,4483.0,4027.167,1.536,13.85,True,True
20261007,KOSDAQ,060370,LS마린솔루션,33900,210934,1770897150600,33530.0,33260.0,32700.0,30870.833,1.532,9.709,True,True
20261007,KOSDAQ,361390,제노코,12770,44156,124333585370,13226.0,13089.0,12703.0,12697.667,1.529,5.103,True,True
20261007,KOSDAQ,105330,케이엔더블유,8970,9194587,143695094400,8644.0,8344.0,7916.0,6966.333,239.571,33.881,True,False
20261007,KOSDAQ,307750,국전,2770,16521510,149542017760,2430.0,2362.0,2322.75,2215.1,129.196,18.376,True,False
20261007,KOSDAQ,038500,삼표시멘트,7820,19643368,843905512920,6932.0,6789.0,6892.0,7352.167,68.95,8.46,False,False
20261007,KOSDAQ,126600,BGF에코머티리얼즈,3280,3178648,205875428720,3166.0,3083.5,3059.5,2940.167,56.942,10.811,True,False
20261007,KOSPI,128820,대성산업,5000,6992816,226177390000,4309.0,4176.5,4174.5,4146.583,52.791,20.482,True,False
20261007,KOSDAQ,141000,비아트론,11990,2812021,145255372900,11166.0,10284.0,9664.0,8859.667,50.642,35.633,True,False
20261007,KOSDAQ,142280,녹십자엠에스,4200,21850686,100644730200,3489.0,3349.0,3249.5,2931.417,28.323,30.638,True,False
20261007,KOSPI,000650,천일고속,180300,25162,257688366000,148580.0,146150.0,144315.0,148445.0,24.005,25.47,False,False
20261007,KOSDAQ,419530,SAMG엔터,22800,853697,232727283600,19034.0,18213.0,17969.0,22490.667,19.118,20.635,False,False
20261007,KOSPI,003220,대원제약,8250,337471,185027559750,7924.0,7880.0,7918.5,7846.5,14.332,2.23,False,False
20261007,KOSDAQ,462350,이노스페이스,6710,3217316,227345348120,6320.0,6461.0,6277.5,6417.917,13.857,16.291,False,False
20261007,KOSPI,019170,신풍제약,11010,3637320,577127927220,9668.0,9446.0,9598.5,8884.5,12.929,9.99,False,False
20261007,KOSDAQ,095700,제넥신,3015,2089786,137304589410,2829.0,2804.0,2843.25,2693.167,11.47,-0.166,False,False
20261007,KOSDAQ,042510,라온시큐어,16710,18485888,185578385880,13036.0,12108.0,11270.5,9055.5,10.901,85.05,True,False
20261007,KOSDAQ,372320,큐로셀,26500,206383,403519528000,23340.0,22310.0,22445.0,23855.0,8.872,10.187,False,False
20261007,KOSPI,003000,부광약품,4270,2523490,421298145170,4139.0,4056.0,4026.5,4078.417,8.589,4.657,False,False
20261007,KOSDAQ,087010,펩트론,130600,1151621,3045245910000,132960.0,138290.0,143735.0,151621.667,8.247,-16.974,False,False
20261007,KOSDAQ,101730,위메이드맥스,5570,4656881,466784303020,4800.0,4738.5,4603.0,4254.25,7.775,36.02,True,False
20261007,KOSDAQ,372170,윤성에프앤씨,23550,85992,187906580400,22070.0,21032.0,21083.5,19014.833,7.699,6.321,False,False
20261007,KOSPI,000050,경방,8100,134137,222063687000,7958.0,7967.0,8062.5,8259.667,7.078,-0.735,False,False
20261007,KOSPI,100250,진양홀딩스,3020,192724,192978000000,3053.0,3067.0,3100.25,3064.0,6.864,-4.882,False,False
20261007,KOSPI,090350,노루페인트,8350,155160,167000000000,8096.0,7954.0,7966.5,7810.0,5.696,3.856,False,False
20261007,KOSDAQ,211270,AP위성,8560,546255,129104522240,9174.0,9091.0,8921.0,8194.333,5.447,5.289,False,False
20261007,KOSDAQ,065660,안트로젠,16210,86829,162198881000,15186.0,14898.0,15035.0,15828.667,5.397,7.209,False,False
20261007,KOSPI,005250,녹십자홀딩스,9940,260446,467460407400,9734.0,9635.0,9675.0,9821.0,5.318,0.404,False,False
20261007,KOSPI,281820,케이씨텍,123000,1122531,2435235303000,100560.0,92020.0,80735.0,76110.0,5.308,80.617,True,False
20261007,KOSPI,085620,미래에셋생명,22650,619843,3061827000000,20220.0,19811.0,19709.5,19353.333,5.233,13.705,False,False
20261007,KOSPI,137310,에스디바이오센서,6850,509595,827131348700,6412.0,6260.0,6202.0,6235.5,4.986,11.201,False,False
20261007,KOSDAQ,066620,국보디자인,25100,16272,188250000000,24770.0,24785.0,25165.0,24652.5,4.941,-5.283,False,False
20261007,KOSPI,271980,제일약품,10330,86064,151901327760,10076.0,10011.0,10082.5,10099.167,4.827,-1.806,False,False
20261007,KOSPI,248070,솔루엠,17580,918495,840609428880,15984.0,14490.0,13597.0,13877.333,4.748,36.174,False,False
20261007,KOSPI,103140,풍산,68000,457283,1905650904000,75740.0,76820.0,77400.0,74833.333,4.563,-13.265,False,False
20261007,KOSPI,002620,제일파마홀딩스,7560,8177,120758563800,7490.0,7534.0,7578.5,7330.0,4.443,-1.691,False,False
20261007,KOSDAQ,458650,성우,8170,29953,122923123900,7780.0,7688.0,7692.0,7871.167,4.429,4.076,False,False
20261007,KOSPI,006120,SK디스커버리,71900,123976,1252048696900,67580.0,64060.0,60400.0,54763.333,4.31,35.917,True,False
20261007,KOSPI,027410,BGF,3740,216810,357980798340,3719.0,3724.0,3761.5,3901.417,4.297,-3.732,False,False
20261007,KOSPI,298040,효성중공업,2588000,142285,24131930224000,2755000.0,2807300.0,2831100.0,2772916.667,4.197,-5.271,False,False
20261007,KOSDAQ,389470,인벤티지랩,29950,402634,398565854600,28190.0,26375.0,25910.0,28885.833,4.163,11.754,False,False
20261007,KOSDAQ,047920,HLB제약,12570,4144391,547570418160,11702.0,10265.0,8493.0,8299.833,4.155,59.72,True,False
20261007,KOSPI,012320,경동인베스트,47650,32335,112693345950,44390.0,44225.0,45905.0,45910.833,4.106,0.527,False,False
20261007,KOSPI,002170,SYTS,52000,3414,156000000000,51940.0,52480.0,52980.0,54820.0,4.069,-4.236,False,False
20261007,KOSDAQ,403850,더핑크퐁컴퍼니,12720,286874,182544847200,12386.0,12426.0,12480.0,11698.667,3.984,-1.548,False,False
20261007,KOSPI,044820,코스맥스비티아이,25250,104886,242499005250,24680.0,25105.0,24377.5,23058.333,3.907,2.642,False,False
20261007,KOSDAQ,000250,삼천당제약,241000,456608,5653250752000,212240.0,187980.0,174660.0,172303.333,3.843,53.503,True,False
20261007,KOSDAQ,158430,아톤,6990,11617301,171129823080,6038.0,5759.0,5474.5,4645.917,3.809,44.124,True,False
20261007,KOSDAQ,411080,샌즈랩,8500,7967501,129774923000,7502.0,6951.0,6287.0,4732.167,3.622,102.14,True,False
20261007,KOSDAQ,331920,셀레믹스,10430,173640,116623618650,10346.0,10615.0,11756.0,10828.333,3.543,-27.92,False,False
20261007,KOSDAQ,382800,지앤비에스 에코,6880,3492269,218997562080,6390.0,5834.0,5433.75,4982.917,3.527,37.876,True,False
20261007,KOSPI,094280,효성ITX,11810,15711,136502342000,11878.0,11941.0,11981.0,11996.333,3.52,-1.747,False,False
20261007,KOSDAQ,096530,씨젠,38900,955566,1817968237800,37160.0,35610.0,33825.0,31022.5,3.512,21.944,True,False
20261007,KOSDAQ,204270,제이앤티씨,25800,4307125,1492490422800,22960.0,23485.0,22650.0,18632.833,3.429,34.867,False,False
20261007,KOSDAQ,012210,삼미금속,13720,18061287,316267663880,12424.0,12312.0,11892.5,8670.5,3.143,64.311,True,False
20261007,KOSDAQ,018290,브이티,13700,504237,478703180600,12750.0,12142.0,11993.0,12264.833,3.077,10.395,False,False
20261007,KOSDAQ,107640,한중엔시에스,47050,282400,426505709300,43500.0,41760.0,41852.5,36341.667,3.053,18.216,False,False
20261007,KOSDAQ,061090,세나테크놀로지,43700,46147,238931935000,40840.0,38840.0,38257.5,41070.0,2.992,8.168,False,False
20261007,KOSPI,006260,LS,280000,330540,8736000000000,296900.0,308350.0,311100.0,304941.667,2.961,-6.511,False,False
20261007,KOSDAQ,219130,타이거일렉,98000,125500,618800420000,93200.0,87330.0,77650.0,72218.333,2.932,62.252,True,False
20261007,KOSDAQ,176750,듀켐바이오,7800,204643,222212016000,7270.0,6865.0,6460.0,6317.833,2.901,22.835,True,False
20261007,KOSPI,034230,파라다이스,9810,721879,908694237420,9472.0,9511.0,9692.5,9965.167,2.819,-2.775,False,False
20261007,KOSPI,00279K,아모레퍼시픽홀딩스3우C,21550,7743,152836910000,21300.0,21485.0,21492.5,21290.833,2.7,0.233,False,False
20261007,KOSDAQ,126700,하이비젼시스템,12430,98244,185730452160,11808.0,11284.0,11174.0,10646.167,2.677,8.087,False,False
20261007,KOSPI,001630,종근당홀딩스,37550,4523,188120280550,37420.0,37445.0,38035.0,38765.833,2.658,-3.47,False,False
20261007,KOSDAQ,115450,HLB테라퓨틱스,2930,1701738,277422051420,2659.0,2440.4,2219.4,2049.167,2.656,36.279,True,False
20261007,KOSPI,066570,LG전자,208000,1824551,33880004704000,216100.0,213650.0,208125.0,193851.667,2.619,3.226,False,False
20261007,KOSPI,003670,포스코퓨처엠,191400,779889,17024306508000,188860.0,184710.0,185160.0,166221.667,2.598,4.248,False,False
20261007,KOSDAQ,099320,쎄트렉아이,75200,137957,823536105600,78780.0,78330.0,75630.0,74860.0,2.585,6.365,False,False
20261007,KOSPI,352820,하이브,167000,449257,7198841612000,158420.0,158830.0,165960.0,179831.667,2.533,-6.443,False,False
20261007,KOSDAQ,272110,케이엔제이,32650,201868,262029146750,32040.0,30925.0,28210.0,26907.5,2.527,33.811,True,False
20261007,KOSDAQ,439580,블루엠텍,3080,4074774,104247364760,2999.0,2919.0,2619.75,2030.983,2.522,45.972,True,False
20261007,KOSDAQ,006730,서부T&D,11820,742797,759753229860,11238.0,11040.0,11101.5,10672.333,2.512,5.442,False,False
20261007,KOSDAQ,217190,제너셈,9130,640039,120093837930,8388.0,7959.0,7280.5,6129.083,2.501,51.159,True,False
20261007,KOSDAQ,138360,앤로보틱스,1330,1532392,117005332220,1441.4,1545.2,1613.8,1783.167,2.468,-23.121,False,False
20261007,KOSDAQ,251370,와이엠티,10130,287710,182473847690,9338.0,8559.0,7856.0,8098.333,2.457,45.129,False,False
20261007,KOSPI,037270,YG PLUS,3155,231151,200857112050,3106.0,3102.5,3124.0,3222.667,2.435,-0.473,False,False
20261007,KOSDAQ,474170,루미르,6840,152999,121873040640,7090.0,7060.0,6885.5,6434.5,2.427,9.091,False,False
20261007,KOSDAQ,206640,바디텍메드,9930,59051,217545655530,9738.0,9576.0,9563.5,10378.5,2.337,1.742,False,False
20261007,KOSDAQ,119610,인터로조,17180,80903,196088173460,16326.0,15381.0,14855.5,14508.333,2.319,23.597,True,False
20261007,KOSPI,001460,BYC,37800,6487,236104470000,36280.0,35945.0,36652.5,35764.167,2.309,0.265,False,False
20261007,KOSPI,005810,풍산홀딩스,35300,23304,508930407600,36430.0,36745.0,37050.0,36322.5,2.282,-4.852,False,False
20261007,KOSPI,010120,LS ELECTRIC,205500,865767,30825000000000,208700.0,207950.0,205795.0,199788.333,2.272,5.223,False,False
20261007,KOSDAQ,225570,넥슨게임즈,10440,291701,687580216560,10690.0,10814.0,11166.5,9980.5,2.254,-10.0,False,False
20261007,KOSPI,002320,한진,16860,74286,261643865760,15808.0,15196.0,14898.0,15013.833,2.253,13.383,False,False
20261007,KOSPI,079550,LIG디펜스앤에어로스페이스,659000,180171,14498000000000,706000.0,702200.0,693450.0,715083.333,2.202,1.074,False,False
20261007,KOSDAQ,468530,프로티나,44000,296850,488626512000,50000.0,48395.0,39180.0,31572.833,2.201,43.089,True,False
20261007,KOSPI,005720,넥센,6290,104680,330501615330,6260.0,5854.0,5773.0,5959.333,2.152,4.485,False,False
20261007,KOSDAQ,084990,헬릭스미스,3945,454762,181836084165,3813.0,3444.5,3218.5,3231.833,2.138,30.629,False,False
20261007,KOSPI,267260,HD현대일렉트릭,628000,234251,22637600780000,664800.0,683400.0,707600.0,740466.667,2.125,-12.045,False,False
20261007,KOSPI,000970,한국주철관,6510,30860,148431255000,6544.0,6562.0,6607.5,6624.667,2.111,-2.252,False,False
20261007,KOSDAQ,011040,경동제약,5060,55574,155689955960,5034.0,5030.0,5057.5,5027.167,2.097,-0.978,False,False
20261007,KOSDAQ,340450,지씨지놈,10140,1047932,239819041020,9430.0,8682.0,7415.0,5937.75,2.074,84.029,True,False
20261007,KOSPI,114090,GKL,8600,172582,531958762000,8598.0,8750.0,8977.5,9301.833,2.073,-10.23,False,False
20261007,KOSPI,004250,NPC,2900,29748,106488000000,2860.0,2850.0,2898.5,2920.583,2.049,-4.29,False,False
20261007,KOSDAQ,069540,빛과전자,5210,47620986,587124783370,4575.0,4295.5,4102.5,3076.9,2.038,91.897,True,False
20261007,KOSDAQ,084850,아이티엠반도체,7760,31514,176019567840,8048.0,8085.0,8184.0,8349.667,2.038,-10.702,False,False
20261007,KOSPI,032350,롯데관광개발,11280,561533,899303166240,11272.0,11465.0,11738.0,12348.333,2.037,-9.976,False,False
20261007,KOSDAQ,037350,성도이엔지,8370,253530,127307700000,8256.0,7949.0,7610.5,7659.167,2.027,17.391,False,False
20261007,KOSDAQ,125020,티씨머티리얼즈,6140,1594588,215136697000,6118.0,6123.0,6109.5,5567.167,2.021,1.656,False,False
20261007,KOSPI,192820,코스맥스,308500,203211,3501323526500,284500.0,278800.0,275175.0,240178.333,1.981,11.978,False,False
20261007,KOSDAQ,347700,스피어,26200,2660358,1350645684400,24530.0,23525.0,22199.5,21118.333,1.979,34.221,True,False
20261007,KOSDAQ,043370,피에이치에이,11060,28456,232260000000,11246.0,11256.0,11218.5,11060.5,1.971,-1.073,False,False
20261007,KOSPI,000400,롯데손해보험,2240,653767,695153356800,2144.0,2094.5,2081.25,2096.283,1.95,9.268,False,False
20261007,KOSDAQ,033160,엠케이전자,20250,1846426,497422174500,19132.0,17577.0,15520.5,15394.0,1.949,45.579,True,False
20261007,KOSPI,078520,에이블씨엔씨,11880,154696,296565500880,11150.0,10918.0,10624.0,10944.5,1.949,5.506,False,False
20261007,KOSDAQ,106190,하이텍팜,10060,38281,106969720380,10010.0,9971.0,10127.5,10808.667,1.949,-3.732,False,False
20261007,KOSPI,217590,티엠씨,18890,4722224,455139910250,16834.0,15522.0,13832.0,12604.333,1.925,82.336,True,False
20261007,KOSPI,007160,사조산업,47900,3138,239500000000,47690.0,48250.0,49125.0,49229.167,1.924,-4.771,False,False
20261007,KOSDAQ,105740,디케이락,11320,755411,115107567160,10756.0,9667.0,8756.5,7659.0,1.924,44.02,True,False
20261007,KOSPI,000070,삼양홀딩스,56800,12561,440949248800,57460.0,57830.0,58965.0,58621.667,1.91,-6.116,False,False
20261007,KOSPI,009540,HD한국조선해양,301500,285154,21338094474000,319000.0,326150.0,337675.0,353783.333,1.909,-13.486,False,False
20261007,KOSDAQ,003380,하림지주,11470,692370,1284704472870,11218.0,11082.0,11171.0,10651.667,1.908,4.083,False,False
20261007,KOSDAQ,039440,에스티아이,24250,193413,376045889750,25040.0,23240.0,21302.0,21787.0,1.907,24.807,False,False
20261007,KOSPI,267270,HD건설기계,115300,473625,5476448605800,118960.0,125250.0,132380.0,131443.333,1.902,-17.643,False,False
20261007,KOSDAQ,187870,디바이스,13400,175123,185761144800,12970.0,12154.0,11160.5,11560.333,1.901,29.219,False,False
20261007,KOSDAQ,243840,신흥에스이씨,6090,279194,234819651150,5852.0,5674.0,5689.0,5125.75,1.901,7.979,False,False
20261007,KOSDAQ,290650,엘앤씨바이오,58300,407214,1572333743200,54500.0,50555.0,49180.0,54887.5,1.899,21.712,False,False
20261007,KOSDAQ,035080,그래디언트,11490,53289,128390742210,11532.0,11691.0,11919.0,10973.833,1.888,-4.09,False,False
20261007,KOSPI,234080,JW생명과학,10940,18396,173230020760,11000.0,10987.0,10996.5,11162.333,1.881,-2.842,False,False
20261007,KOSDAQ,005710,대원산업,10490,19134,210194424000,10522.0,10678.0,10641.5,10826.5,1.873,-1.502,False,False
20261007,KOSPI,047810,한국항공우주,121800,436389,11872468032600,127560.0,128220.0,128970.0,135800.0,1.861,-3.715,False,False
20261007,KOSDAQ,355150,코스텍시스,24550,222355,191424942500,23600.0,22230.0,21059.0,19756.167,1.851,33.787,True,False
20261007,KOSPI,036570,NC,237500,209191,5116705225000,228300.0,221000.0,214750.0,225125.0,1.844,6.982,False,False
20261007,KOSPI,015890,태경산업,4835,26162,141321006250,4775.0,4761.5,4778.0,4718.25,1.81,0.729,False,False
20261007,KOSPI,005800,신영와코루,13350,7244,120150000000,13450.0,13488.0,13506.0,13380.0,1.792,-1.476,False,False
20261007,KOSPI,103590,일진전기,88000,702859,4196314320000,85500.0,82170.0,76495.0,68021.667,1.79,28.843,True,False
20261007,KOSPI,026890,스틱인베스트먼트,8250,65070,319859405250,7964.0,7902.0,8071.0,8108.667,1.789,-0.96,False,False
20261007,KOSDAQ,136480,하림,2665,271540,283048855830,2660.0,2654.5,2657.75,2670.083,1.78,0.566,False,False
20261007,KOSDAQ,452450,피아이이,5840,1363085,210406440000,5496.0,5354.0,5109.75,3796.167,1.768,51.886,True,False
20261007,KOSDAQ,472850,폰드그룹,4640,47473,267132465280,4679.0,4797.5,4856.5,4690.833,1.763,-5.595,False,False
20261007,KOSDAQ,003100,선광,20300,11417,133980000000,20510.0,20465.0,20510.0,20303.0,1.762,-3.563,False,False
20261007,KOSPI,004360,세방,13490,25643,257869484470,13372.0,13391.0,13468.0,13170.0,1.749,0.597,False,False
20261007,KOSDAQ,042420,네오위즈홀딩스,21150,13616,172209285450,22250.0,22705.0,23312.5,23333.333,1.743,-11.321,False,False
20261007,KOSPI,031430,신세계인터내셔날,10810,84228,378198660000,10560.0,10522.0,10507.0,10826.5,1.728,3.842,False,False
20261007,KOSPI,161890,한국콜마,145600,512440,3436899211200,142720.0,145060.0,144505.0,128431.667,1.72,-0.137,False,False
20261007,KOSDAQ,0017J0,세미티에스,3370,1198272,101609008170,3109.0,2817.5,2704.0,2851.833,1.716,32.417,False,False
20261007,KOSPI,020120,키다리스튜디오,6670,988223,247215319220,7786.0,7918.0,8094.0,5536.167,1.715,-7.361,False,False
20261007,KOSPI,009970,영원무역홀딩스,170900,14980,2213807325300,163680.0,164870.0,167165.0,179775.0,1.662,0.0,False,False
20261007,KOSPI,051915,LG화학우,122400,33920,940369701600,117040.0,115950.0,119555.0,120943.333,1.662,-4.969,False,False
20261007,KOSPI,001780,알루코,1669,395726,161609490308,1619.8,1585.1,1586.1,1640.917,1.649,4.639,False,False
20261007,KOSDAQ,475960,토모큐브,34500,66040,464928003000,35330.0,32255.0,29970.0,32305.833,1.645,22.776,False,False
20261007,KOSDAQ,318060,그래피,16230,75553,181684738710,16018.0,15926.0,16624.0,17842.667,1.642,-10.579,False,False
20261007,KOSPI,377740,바이오노트,4700,62116,478864425600,4682.0,4668.0,4699.0,4704.333,1.639,-1.879,False,False
20261007,KOSPI,030210,다올투자증권,3965,109010,241512535290,3883.0,3891.0,3914.5,3716.417,1.637,0.891,False,False
20261007,KOSDAQ,448280,에코아이,9640,12224,285644083560,9464.0,9382.0,9340.0,8370.167,1.634,0.837,False,False
20261007,KOSPI,278470,에이피알,379000,375758,14189060745000,367600.0,366500.0,366550.0,378325.0,1.631,-3.807,False,False
20261007,KOSDAQ,034950,한국기업평가,103400,1153,469489147600,103340.0,103540.0,103480.0,102575.0,1.621,-0.481,False,False
20261007,KOSPI,007570,일양약품,8100,24989,154593878400,8074.0,7975.0,8042.0,8276.833,1.619,-3.226,False,False
20261007,KOSDAQ,237880,클리오,12430,90292,224626917790,12036.0,12047.0,12133.0,11788.333,1.619,0.485,False,False
20261007,KOSDAQ,330860,네패스아크,31700,355622,386234226500,32100.0,30500.0,27347.5,27917.667,1.616,34.038,False,False
20261007,KOSPI,011070,LG이노텍,591000,325129,13987260237000,591400.0,571600.0,553700.0,581600.0,1.615,5.16,False,False
20261007,KOSDAQ,405100,큐알티,18010,95117,221330311010,16536.0,15323.0,14527.0,12210.167,1.614,29.011,True,False
20261007,KOSDAQ,214370,케어젠,44500,99099,2390317500000,42830.0,41540.0,41850.0,52185.833,1.602,0.0,False,False
20261007,KOSDAQ,300080,플리토,8110,117464,134070067610,8872.0,8791.0,8995.5,8363.333,1.601,-9.284,False,False
20261007,KOSDAQ,036930,주성엔지니어링,247500,2427490,11504077447500,247300.0,228600.0,215730.0,180435.0,1.6,38.811,True,False
20261007,KOSDAQ,101930,인화정공,6150,34629,281022226650,6244.0,6287.0,6348.0,6710.333,1.6,-4.503,False,False
20261007,KOSPI,000500,가온전선,306500,498458,9126836545500,319100.0,316900.0,286150.0,214993.333,1.589,44.575,True,False
20261007,KOSPI,214420,토니모리,5080,75432,122198378920,5047.0,5024.5,5087.25,5281.5,1.588,-3.97,False,False
20261007,KOSDAQ,347850,디앤디파마텍,46100,814627,2120424312900,44750.0,44080.0,45787.5,55097.5,1.586,-6.301,False,False
20261007,KOSDAQ,290720,푸드나무,3370,100108,128563050010,3133.0,3042.0,2894.25,2966.0,1.581,23.67,False,False
20261007,KOSDAQ,001540,안국약품,10210,48612,133163108200,9986.0,9989.0,10092.0,10881.167,1.571,-2.669,False,False
20261007,KOSPI,028670,팬오션,6210,4342261,3319676669520,6020.0,5868.0,5899.0,5659.333,1.57,4.195,False,False
20261007,KOSDAQ,089010,켐트로닉스,28450,239156,477107268150,27890.0,25990.0,24230.0,22388.667,1.569,32.019,True,False
20261007,KOSPI,207940,삼성바이오로직스,1277000,62482,59113544427000,1352200.0,1370500.0,1396800.0,1459933.333,1.567,-11.748,False,False
20261007,KOSPI,484870,엠앤씨솔루션,19270,192678,529186959000,18404.0,18161.0,18101.5,18244.0,1.557,16.365,False,False
20261007,KOSPI,064400,LG씨엔에스,69100,696414,6694819006800,70820.0,70410.0,71060.0,70473.333,1.554,-6.748,False,False
20261007,KOSDAQ,104830,원익머트리얼즈,41000,112546,516928000000,41230.0,38585.0,35240.0,33983.333,1.552,28.125,True,False
20261007,KOSPI,286940,롯데이노베이트,17630,13748,266730740210,17370.0,17419.0,17825.0,17855.0,1.552,-5.772,False,False
20261007,KOSDAQ,489460,바이오비쥬,11780,99899,173793720860,11540.0,11573.0,11425.5,10372.167,1.551,5.367,False,False
20261007,KOSDAQ,101490,에스앤에스텍,53400,425941,1139282538600,51490.0,47625.0,44310.0,42773.333,1.542,33.333,True,False
20261007,KOSDAQ,353810,이지바이오,5860,106843,193860051200,6000.0,6101.0,6117.0,6213.833,1.516,-7.278,False,False
20261007,KOSPI,123690,한국화장품,6590,385234,105888120000,6440.0,6391.0,6408.0,6322.0,1.512,3.943,False,False
20261007,KOSPI,012800,대창,1150,460065,104811573850,1182.4,1176.5,1183.0,1159.183,1.504,-2.044,False,False
20261007,KOSDAQ,140860,파크시스템스,308000,44388,2156760452000,297400.0,278800.0,267500.0,262866.667,1.504,17.333,True,False
20261007,KOSDAQ,084370,유진테크,169000,261456,3872811098000,175880.0,165500.0,151430.0,136128.333,1.499,23.81,True,False
20261007,KOSDAQ,222080,SFA넥셀,8460,654824,658020018240,8300.0,7936.0,7764.5,7573.167,1.496,12.053,True,False
20261007,KOSDAQ,080220,제주반도체,84700,2033028,2917307955100,87440.0,81720.0,77485.0,76188.333,1.493,17.967,True,False
20261007,KOSPI,003580,HLB글로벌,2030,980647,102846915150,1941.0,1854.0,1744.95,1535.6,1.484,16.868,True,False
20261007,KOSPI,000390,SP삼화,7220,106898,196409046180,7092.0,7095.0,6918.5,6398.667,1.483,12.637,False,False
20261007,KOSDAQ,086390,유니테스트,14590,305931,308346898340,14832.0,13870.0,12582.5,10669.833,1.481,28.773,True,False
20261007,KOSDAQ,078160,메디포스트,9990,64673,391653983970,9696.0,9362.0,9098.0,9003.5,1.479,11.996,True,False
20261007,KOSDAQ,023910,대한약품,25900,5844,155400000000,26090.0,26145.0,26372.5,26325.833,1.476,-4.604,False,False
20261007,KOSDAQ,009780,엠에스씨,7480,17836,131648000000,7324.0,7040.0,6922.5,6651.0,1.475,4.762,True,False
20261007,KOSDAQ,006620,동구바이오제약,3600,67876,102473971200,3548.0,3525.0,3523.0,3660.5,1.471,-0.139,False,False
20261007,KOSPI,025560,미래산업,7910,695487,219729342980,8282.0,7515.0,6755.5,13475.833,1.47,26.156,False,False
20261007,KOSDAQ,376270,HEM파마,33900,11902,244729083300,33600.0,33555.0,34325.0,38415.833,1.466,-12.629,False,False
20261007,KOSDAQ,078600,대주전자재료,112000,210417,1758863456000,104580.0,96750.0,91335.0,85575.0,1.465,32.388,True,False
20261007,KOSDAQ,168360,펨트론,15890,192483,355817730730,15494.0,14791.0,13930.0,13347.167,1.464,24.725,True,False
20261007,KOSPI,058650,세아홀딩스,126300,1135,512176306800,128220.0,128270.0,130295.0,126066.667,1.463,-5.464,False,False
20261007,KOSPI,062040,산일전기,231500,417822,7093819775000,223900.0,214200.0,207075.0,183803.333,1.462,20.762,True,False
20261007,KOSPI,001440,대한전선,29800,3965040,5840579360800,30570.0,30450.0,29802.5,28320.0,1.457,8.759,False,False
20261007,KOSDAQ,0088M0,메쥬,14940,170044,147633345000,14524.0,13935.0,13162.5,12988.667,1.457,15.189,True,False
20261007,KOSDAQ,086450,동국제약,22700,644655,1026730534000,22160.0,21620.0,20977.0,19815.667,1.454,5.093,True,False
20261007,KOSPI,178920,PI첨단소재,20350,48859,597604652700,19898.0,19206.0,19015.5,18861.333,1.443,6.936,True,False
20261007,KOSDAQ,417500,제이아이테크,4715,486789,154580067960,4413.0,4206.0,4065.75,3631.167,1.441,33.004,True,False
20261007,KOSDAQ,078130,국일제지,3800,114872,428414230600,3667.0,3572.5,3520.25,3660.167,1.439,7.649,False,False
20261007,KOSPI,139130,iM금융지주,18000,573194,2850541344000,18422.0,18383.0,18393.5,17880.833,1.439,-0.662,False,False
20261007,KOSDAQ,241710,코스메카코리아,117000,185878,1249560000000,113320.0,120660.0,124410.0,112646.667,1.437,-13.011,False,False
20261007,KOSDAQ,0008Z0,에스엔시스,23850,21424,225062051400,23590.0,23415.0,23642.5,22970.333,1.43,-3.049,False,False
20261007,KOSDAQ,319660,피에스케이,137200,509212,3974233160800,150720.0,145600.0,135590.0,138761.667,1.429,8.458,False,False
20261007,KOSDAQ,141080,리가켐바이오,80500,275838,2980063149000,82540.0,81490.0,83800.0,96110.0,1.427,-12.5,False,False
20261007,KOSPI,00680K,미래에셋증권2우B,9980,312384,1270166077000,10166.0,10401.0,10606.0,11229.5,1.425,-8.44,False,False
20261007,KOSDAQ,102940,코오롱생명과학,14740,66651,192955488220,14526.0,14236.0,14290.0,17923.667,1.425,-0.741,False,False
20261007,KOSPI,214390,경보제약,5500,24927,131487730000,5422.0,5394.0,5400.0,5271.083,1.424,1.476,False,False
20261007,KOSDAQ,069080,웹젠,12110,111370,375005223250,11808.0,11585.0,11370.5,11539.667,1.422,8.125,False,False
20261007,KOSPI,145720,덴티움,40000,17850,344955640000,38540.0,37785.0,37692.5,38469.167,1.42,6.525,False,False
20261007,KOSPI,053210,스카이라이프,4050,36167,192467967750,4013.0,4007.5,4025.0,4078.25,1.415,-1.22,False,False
20261007,KOSDAQ,144510,지씨셀,15120,59072,238901201280,14662.0,14427.0,14409.5,14005.0,1.41,2.439,True,False
20261007,KOSDAQ,092730,네오팜,24250,78027,388678733250,23300.0,23405.0,22670.0,21899.5,1.408,5.664,False,False
20261007,KOSPI,097950,CJ제일제당,182500,65837,2747388945000,179780.0,178190.0,178810.0,185580.0,1.402,-0.491,False,False
20261007,KOSDAQ,039200,오스코텍,39700,149742,1518849587200,37820.0,36785.0,36077.5,34611.667,1.401,8.47,True,False
20261007,KOSDAQ,314130,지놈앤컴퍼니,5320,866590,278232941000,5438.0,4938.0,4142.5,3937.417,1.397,54.876,True,False
20261007,KOSDAQ,068790,DMS,8230,69096,182575340520,8116.0,7935.0,7436.5,7479.667,1.388,23.388,False,False
20261007,KOSDAQ,476830,알지노믹스,28300,386703,793968838800,28010.0,26655.0,27017.5,29005.0,1.385,0.355,False,False
20261007,KOSPI,005389,현대차3우B,170000,8943,394727420000,172540.0,173400.0,174820.0,185266.667,1.383,-6.284,False,False
20261007,KOSPI,035150,백산,10380,17968,205223800020,10476.0,10444.0,10602.0,10380.833,1.382,-4.771,False,False
20261007,KOSPI,161000,애경케미칼,10820,206353,526379031380,10710.0,10354.0,10349.5,9632.0,1.382,2.657,True,False
20261007,KOSPI,086280,현대글로비스,188000,191435,14100000000000,197140.0,198520.0,201735.0,200160.0,1.376,-8.738,False,False
20261007,KOSDAQ,352480,씨앤씨인터내셔널,21000,17090,286227921000,20830.0,21320.0,21440.0,20687.167,1.376,-3.67,False,False
20261007,KOSPI,004800,효성,152000,27892,2544541864000,156000.0,158960.0,160190.0,156411.667,1.373,-4.403,False,False
20261007,KOSPI,081660,미스토홀딩스,39200,168197,2081200128000,38390.0,38270.0,38967.5,42301.667,1.369,-5.314,False,False
20261007,KOSPI,002390,한독,8650,11168,119054560450,8542.0,8476.0,8832.0,8964.333,1.368,-9.234,False,False
20261007,KOSPI,011690,와이투솔루션,3720,218821,136519394640,3657.0,3513.0,3364.75,3279.083,1.367,14.462,True,False
20261007,KOSDAQ,042000,카페24,22550,386097,545217710950,21206.0,19180.0,17380.5,17073.167,1.367,39.888,True,False
20261007,KOSPI,008490,서흥,20900,18456,241794461700,20292.0,20204.0,20447.0,21633.333,1.366,-1.647,False,False
20261007,KOSDAQ,003800,에이스침대,31950,2101,354325500000,32120.0,32330.0,32485.0,32559.167,1.364,-2.591,False,False
20261007,KOSPI,403550,쏘카,11500,19146,436309333000,11126.0,10918.0,10885.0,10590.0,1.363,1.5,False,False
20261007,KOSDAQ,064850,에프앤가이드,20450,50678,233341289400,20560.0,20156.0,18792.0,18408.0,1.361,18.688,True,False
20261007,KOSDAQ,304360,에스바이오메딕스,23450,35604,292682451600,22020.0,21180.0,21015.0,19418.833,1.361,23.162,True,False
20261007,KOSDAQ,450950,아스테라시스,6120,73289,230280863040,6258.0,5818.0,5492.0,5658.167,1.36,19.298,False,False
20261007,KOSPI,001060,JW중외제약,27650,52359,643855964500,27080.0,26935.0,27065.0,26070.0,1.356,0.545,False,False
20261007,KOSPI,000320,노루홀딩스,15610,6230,207474867110,15512.0,15652.0,16107.0,16330.333,1.354,-8.66,False,False
20261007,KOSDAQ,104480,티케이케미칼,1887,239776,171519683958,1834.6,1830.0,1787.8,1672.933,1.352,6.071,True,False
20261007,KOSPI,302440,SK바이오사이언스,38000,82432,2981349014000,36930.0,36415.0,36660.0,36225.0,1.352,0.264,False,False
20261007,KOSPI,071970,HD현대마린엔진,45000,231119,1526467275000,47600.0,48450.0,49880.0,53524.167,1.351,-10.359,False,False
20261007,KOSDAQ,204620,글로벌텍스프리,5740,896232,403426314200,5682.0,5795.0,5698.5,5233.667,1.351,6.494,False,False
20261007,KOSDAQ,043150,바텍,17420,30635,258761139520,17638.0,17598.0,17702.0,18211.667,1.341,-5.583,False,False
20261007,KOSDAQ,035900,JYP Ent.,38550,205130,1369777566600,37820.0,37860.0,38475.0,41839.167,1.339,-1.908,False,False
20261007,KOSPI,093050,LF,23700,31332,692988000000,23400.0,22540.0,22325.0,22464.167,1.33,5.333,False,False
20261007,KOSPI,012450,한화에어로스페이스,972000,168907,50119625772000,1021600.0,1029900.0,1049500.0,1030883.333,1.327,-7.867,False,False
20261007,KOSDAQ,037070,파세코,6810,82058,136200000000,6734.0,6616.0,6384.0,6352.5,1.327,10.732,True,False
20261007,KOSDAQ,445090,에이직랜드,22750,30044,248558719500,22640.0,22185.0,21380.0,20589.833,1.325,12.903,True,False
20261007,KOSDAQ,101170,우림피티에스,9010,83480,121635000000,8780.0,8645.0,8494.5,8001.0,1.324,13.333,True,False
20261007,KOSPI,204320,HL만도,45600,334481,2141244672000,46550.0,46370.0,47712.5,48345.833,1.324,-5.979,False,False
20261007,KOSPI,192080,더블유게임즈,57300,56380,1213239716400,57740.0,58170.0,57745.0,59228.333,1.323,0.175,False,False
20261007,KOSDAQ,336680,탑런토탈솔루션,3015,26868,118023857370,2986.0,2976.0,2964.25,2690.167,1.318,6.537,True,False
20261007,KOSDAQ,095500,미래나노텍,7070,87459,219240692930,6972.0,6728.0,6708.5,6893.833,1.317,3.212,False,False
20261007,KOSPI,001130,대한제분,11210,16271,189449000000,11046.0,10996.0,11214.0,11334.667,1.309,-4.188,False,False
20261007,KOSDAQ,148150,세경하이테크,3885,85687,138083847930,3989.0,4026.0,4090.5,3545.917,1.308,-6.723,False,False
20261007,KOSDAQ,235980,메드팩토,3065,141230,105053245865,2970.0,2889.0,2834.25,2747.0,1.307,6.055,True,False
20261007,KOSPI,083420,그린케미칼,4725,21262,113400000000,4694.0,4671.5,4697.25,4694.917,1.302,-1.767,False,False
20261007,KOSPI,008040,사조동아원,7860,32956,110939655600,7618.0,7625.0,7863.0,3462.467,1.298,-8.07,False,False
20261007,KOSPI,018260,삼성에스디에스,207000,182058,16017204600000,217600.0,219450.0,221650.0,219391.667,1.298,-13.025,False,False
20261007,KOSPI,030190,NICE평가정보,16850,83773,981828285850,16282.0,16042.0,16001.0,15251.167,1.297,3.692,True,False
20261007,KOSDAQ,263860,지니언스,23050,705421,209284780000,21374.0,19823.0,18599.0,15514.167,1.295,50.457,True,False
20261007,KOSDAQ,0015G0,그린광학,15270,78376,178697801070,15522.0,15049.0,14667.0,14830.333,1.293,8.452,False,False
20261007,KOSDAQ,041440,현대에버다임,6330,75839,112938036960,6536.0,6611.0,6654.5,6403.0,1.293,-5.097,False,False
20261007,KOSDAQ,053080,케이엔솔,9320,51935,121158201240,9314.0,9017.0,8930.5,8751.167,1.289,8.625,True,False
20261007,KOSDAQ,310200,애니플러스,2100,245513,109541955600,2149.0,2048.0,2015.5,2373.833,1.283,2.689,False,False
20261007,KOSDAQ,425420,티에프이,64800,186935,800097328800,68540.0,65650.0,60280.0,45269.167,1.281,22.96,True,False
20261007,KOSPI,042660,한화오션,74100,820811,22705232495400,77480.0,78900.0,81885.0,84640.0,1.279,-14.631,False,False
20261007,KOSDAQ,456160,지투지바이오,44700,264507,743335342200,42210.0,37575.0,35875.0,35503.333,1.279,17.787,True,False
20261007,KOSPI,329180,HD현대중공업,400000,332852,41984490000000,422300.0,432950.0,446075.0,465025.0,1.277,-8.362,False,False
20261007,KOSPI,015860,일진홀딩스,7160,105870,353327978280,7212.0,7084.0,6939.5,6420.667,1.272,9.985,True,False
20261007,KOSDAQ,033500,동성화인텍,15660,97709,469635476040,16026.0,16035.0,16362.5,16626.833,1.271,-8.741,False,False
20261007,KOSPI,034830,한국토지신탁,1118,294156,282282959140,1118.4,1131.3,1158.4,1140.3,1.269,-5.574,False,False
20261007,KOSDAQ,144960,뉴파워프라즈마,13190,1308711,576305710560,13250.0,12890.0,10990.0,10271.5,1.267,50.571,True,False
20261007,KOSDAQ,031980,피에스케이홀딩스,204000,243032,4398728580000,193440.0,180630.0,169460.0,133710.0,1.262,41.667,True,False
20261007,KOSDAQ,054450,텔레칩스,10160,67655,153865407280,10290.0,10184.0,9788.0,9587.833,1.26,8.2,True,False
20261007,KOSPI,373220,LG에너지솔루션,391000,354152,91494000000000,373900.0,364000.0,363000.0,349625.0,1.26,9.066,True,False
20261007,KOSDAQ,376300,디어유,18870,81263,447943721220,18732.0,17983.0,17863.5,19020.0,1.259,4.485,False,False
20261007,KOSPI,017860,DS단석,13140,105124,231968750760,12818.0,12535.0,12312.0,11865.5,1.257,11.545,True,False
20261007,KOSDAQ,089890,코세스,32900,252055,545645249800,34840.0,32080.0,28937.5,25152.5,1.257,48.198,True,False
20261007,KOSPI,005180,빙그레,88600,66593,783383568600,85160.0,85440.0,86105.0,78691.667,1.253,-1.883,False,False
20261007,KOSPI,039490,키움증권,247000,79260,6478394052000,254700.0,257850.0,264350.0,281491.667,1.253,-8.688,False,False
20261007,KOSPI,005380,현대차,336000,565481,68364741312000,344900.0,350200.0,363400.0,392591.667,1.251,-12.386,False,False
20261007,KOSDAQ,017890,한국알콜,16080,87295,332429976480,15884.0,15461.0,14912.0,14143.167,1.248,11.589,True,False
20261007,KOSDAQ,054210,이랜텍,7180,127735,181590887800,6904.0,6819.0,6876.5,7022.333,1.248,3.013,False,False
20261007,KOSPI,267250,HD현대,189500,212050,14969189607500,197160.0,201980.0,218765.0,214963.333,1.248,-21.206,False,False
20261007,KOSDAQ,393890,더블유씨피,10320,297041,349261246080,10480.0,10316.0,10088.5,8923.833,1.247,2.483,True,False
20261007,KOSPI,016450,한세예스24홀딩스,4305,12846,172200000000,4319.0,4314.5,4353.5,4386.5,1.246,-3.583,False,False
20261007,KOSPI,111770,영원무역,70800,69903,3137251934400,68680.0,69870.0,71345.0,79225.0,1.242,-5.6,False,False
20261007,KOSDAQ,102710,이엔에프테크놀로지,50200,89153,717249367200,49220.0,47145.0,44482.5,43955.0,1.241,19.666,True,False
20261007,KOSPI,004430,송원산업,11760,126340,282240000000,11442.0,11395.0,11562.0,11740.167,1.239,-1.259,False,False
20261007,KOSPI,007810,코리아써키트,88400,720927,2120063608000,82560.0,73890.0,62637.5,60286.667,1.238,73.333,True,False
20261007,KOSDAQ,092130,이크레더블,14190,3572,170898684000,14226.0,14230.0,14315.5,14265.333,1.237,-2.07,False,False
20261007,KOSDAQ,039860,나노엔텍,4590,370364,174847113270,4577.0,4439.5,4285.0,3958.333,1.235,10.204,True,False
20261007,KOSPI,450080,에코프로머티,38250,345809,2708630527500,37540.0,36245.0,36117.5,35869.167,1.235,6.695,True,False
20261007,KOSDAQ,093190,빅솔론,8220,14248,158143799100,8204.0,8221.0,8297.5,8370.833,1.232,-3.294,False,False
20261007,KOSDAQ,036190,금화피에스시,33450,4551,200700000000,33910.0,33990.0,34212.5,33229.167,1.226,1.057,False,False
20261007,KOSDAQ,060280,큐렉소,8680,242882,358134977200,8650.0,8315.0,8153.5,8416.333,1.224,6.765,False,False
20261007,KOSDAQ,082800,비보존 제약,3030,197810,183980587980,2946.0,2883.5,2924.5,2790.75,1.221,-2.258,False,False
20261007,KOSPI,014580,태경비케이,3970,44394,109504907000,3868.0,3833.0,3810.5,3911.583,1.213,3.791,False,False
20261007,KOSPI,002790,아모레퍼시픽홀딩스,26500,136353,2026141770000,25780.0,26155.0,26147.5,25772.5,1.211,0.379,False,False
20261007,KOSDAQ,079960,동양이엔피,16580,27681,125206489640,16830.0,16802.0,17097.0,18699.0,1.209,-8.65,False,False
20261007,KOSDAQ,092070,디엔에프,14530,44309,168139096740,14380.0,13708.0,12816.0,12712.5,1.207,21.285,True,False
20261007,KOSDAQ,160980,싸이맥스,27550,150614,300962894650,28340.0,27395.0,25207.5,28336.667,1.206,18.495,False,False
20261007,KOSDAQ,490470,세미파이브,22750,2129308,774078760000,20754.0,18644.0,16905.5,16690.833,1.205,57.005,True,False
20261007,KOSPI,090430,아모레퍼시픽,138500,242450,8101247121500,135700.0,139340.0,140630.0,134845.0,1.202,-3.35,False,False
20261007,KOSPI,005610,삼립,41100,3247,354652269900,41060.0,40065.0,40642.5,39747.5,1.2,1.107,False,False
20261007,KOSDAQ,489500,엘케이켐,23050,19374,147318035900,23860.0,23390.0,22277.5,20535.333,1.2,14.392,True,False
20261007,KOSPI,023530,롯데쇼핑,99000,173778,2800586745000,100760.0,103250.0,108975.0,113815.0,1.199,-7.907,False,False
20261007,KOSDAQ,307180,아이엘,5650,297517,208573569400,5778.0,5764.0,5653.0,5112.083,1.199,-0.877,False,False
20261007,KOSPI,006280,녹십자,130500,26923,1525093209000,127220.0,125480.0,125695.0,124551.667,1.198,2.273,False,False
20261007,KOSDAQ,039030,이오테크닉스,518000,143776,6381526900000,535600.0,508100.0,480625.0,398333.333,1.198,16.93,True,False
20261007,KOSDAQ,192440,슈피겐코리아,28550,5409,177477163650,29100.0,29505.0,29705.0,29407.5,1.195,-6.086,False,False
20261007,KOSPI,001390,KG케미칼,4220,116108,280223343920,4226.0,4230.5,4335.25,4299.083,1.192,-6.637,False,False
20261007,KOSPI,005420,코스모화학,11470,114976,440542375160,11078.0,10673.0,10595.0,10150.833,1.191,11.251,True,False
20261007,KOSPI,006405,삼성SDI우,221500,4907,358363964000,213300.0,212550.0,215300.0,203450.0,1.191,0.911,False,False
20261007,KOSDAQ,170920,엘티씨,41400,238128,437354816400,42880.0,40495.0,37257.5,39025.0,1.189,15.16,False,False
20261007,KOSPI,011790,SKC,108200,255399,5366535843600,106100.0,97990.0,93145.0,86688.333,1.188,28.351,True,False
20261007,KOSPI,0120G0,삼양바이오팜,49900,40958,371049913000,48930.0,47785.0,48250.0,47000.833,1.187,0.1,False,False
20261007,KOSDAQ,295310,에이치브이엠,72000,219369,903433392000,68660.0,64020.0,58137.5,49050.833,1.183,48.607,True,False
20261007,KOSPI,003850,보령,8770,134217,752353805390,8506.0,8383.0,8589.0,8602.667,1.182,-2.987,False,False
20261007,KOSPI,192400,쿠쿠홀딩스,27300,12669,970847650500,26960.0,27085.0,27237.5,26830.0,1.176,-1.975,False,False
20261007,KOSDAQ,058470,리노공업,85200,1083550,6493249620000,82240.0,77500.0,72470.0,69371.667,1.175,27.928,True,False
20261007,KOSDAQ,114190,강원에너지,9200,115067,240331949600,8962.0,8654.0,8776.0,8622.167,1.173,4.427,False,False
20261007,KOSDAQ,091580,상신이디피,24550,344778,327207776450,22740.0,21895.0,21760.0,18335.833,1.172,18.886,True,False
20261007,KOSDAQ,131970,두산테스나,109100,435050,2108601665800,107900.0,100860.0,91515.0,82223.333,1.172,46.837,True,False
20261007,KOSDAQ,388210,씨엠티엑스,89300,72601,862141313400,91860.0,88870.0,80870.0,78490.0,1.166,19.385,True,False
20261007,KOSDAQ,439090,마녀공장,16050,162416,263111823000,15372.0,15364.0,15716.5,16415.667,1.165,0.25,False,False
20261007,KOSDAQ,101360,에코앤드림,8600,71901,152960580400,8614.0,8093.0,8022.0,7574.833,1.164,5.006,True,False
20261007,KOSDAQ,041020,폴라리스오피스,3140,168493,156007110020,3166.0,3113.0,3070.25,2965.917,1.162,4.146,True,False
20261007,KOSPI,078930,GS,109900,455444,10209214900500,106300.0,108860.0,113455.0,105330.0,1.157,-11.299,False,False
20261007,KOSPI,383220,F&F,74100,56120,2838554257500,70580.0,69700.0,68130.0,69505.0,1.157,10.762,False,False
20261007,KOSDAQ,094170,동운아나텍,25450,84248,532157871200,26400.0,26865.0,27132.5,29596.667,1.156,-13.288,False,False
20261007,KOSPI,003240,태광산업,924000,1137,1028781600000,907600.0,904900.0,907700.0,893983.333,1.155,2.553,False,False
20261007,KOSPI,003090,대웅,15700,73421,912829086000,15414.0,15655.0,15987.5,16719.667,1.146,-6.88,False,False
20261007,KOSPI,006800,미래에셋증권,30500,1094459,16562142055500,31440.0,31720.0,32530.0,34886.667,1.144,-11.466,False,False
20261007,KOSDAQ,299030,하나기술,15580,42344,124560697800,15338.0,14357.0,14138.5,13555.833,1.141,10.34,True,False
20261007,KOSPI,439260,대한조선,46600,34891,1774934818000,46190.0,45950.0,46502.5,47740.0,1.137,-0.745,False,False
20261007,KOSPI,002840,미원상사,139700,2439,628650000000,136300.0,136610.0,134780.0,129333.333,1.135,7.462,False,False
20261007,KOSPI,454910,두산로보틱스,71200,333575,4615182576000,71900.0,70880.0,70460.0,69551.667,1.134,4.094,True,False
20261007,KOSPI,084690,대상홀딩스,7860,29440,284630548680,7842.0,7816.0,7907.0,7714.667,1.129,0.769,False,False
20261007,KOSDAQ,156100,엘앤케이바이오,6780,278386,151540817340,6294.0,6081.0,5811.0,4596.75,1.126,59.906,True,False
20261007,KOSDAQ,092190,서울바이오시스,8000,203651,366947064000,8568.0,8330.0,8240.0,7239.667,1.124,2.828,False,False
20261007,KOSPI,006110,삼아알미늄,66000,178062,998148030000,63880.0,60090.0,61075.0,51465.0,1.119,-3.93,False,False
20261007,KOSDAQ,092460,한라IMS,17130,14551,293088818400,16912.0,16639.0,16593.5,16801.5,1.114,-0.117,False,False
20261007,KOSDAQ,298830,슈어소프트테크,4275,183506,228535083225,4298.0,4191.0,4253.0,4100.0,1.114,-2.397,False,False
20261007,KOSPI,499790,GS피앤엘,37900,49155,751588873900,38120.0,38035.0,38907.5,40155.0,1.114,-11.449,False,False
20261007,KOSPI,002020,코오롱,23000,25000,296876640000,23540.0,23755.0,24465.0,26685.833,1.113,-9.449,False,False
20261007,KOSPI,122900,아이마켓코리아,8230,50619,275119353200,8190.0,8268.0,8229.0,7869.333,1.113,1.48,False,False
20261007,KOSPI,023590,다우기술,37700,47951,1631931662400,38020.0,38595.0,38997.5,38196.667,1.112,-1.567,False,False
20261007,KOSDAQ,247540,에코프로비엠,124500,409545,12179889033000,118580.0,112300.0,110050.0,110045.0,1.111,17.453,True,False
20261007,KOSPI,004020,현대제철,28450,863835,3796532583250,29750.0,31265.0,32592.5,29489.167,1.108,-9.683,False,False
20261007,KOSDAQ,146320,비씨엔씨,11550,28592,147816010650,11348.0,10906.0,10046.5,9869.667,1.107,22.352,True,False
20261007,KOSPI,029530,신도리코,38050,4468,369683488450,38720.0,38930.0,39082.5,40324.167,1.106,-4.875,False,False
20261007,KOSDAQ,043260,성호전자,32650,5477695,2463502837200,30230.0,27975.0,23366.5,19637.833,1.106,108.36,True,False
20261007,KOSDAQ,100700,세운메디칼,2345,76973,102711000000,2318.0,2311.0,2368.5,2353.417,1.1,-5.061,False,False
20261007,KOSPI,462520,조선내화,12860,41274,152457460480,12846.0,12757.0,12776.5,13373.167,1.094,0.078,False,False
20261007,KOSPI,077500,유니퀘스트,9770,355160,211032996540,10198.0,9679.0,8477.5,6947.0,1.09,31.317,True,False
20261007,KOSPI,021820,세원정공,10470,6396,104700000000,10606.0,10561.0,10571.5,10297.0,1.089,-1.874,False,False
20261007,KOSPI,097520,엠씨넥스,19170,29557,333586755000,19318.0,18917.0,18940.0,19005.167,1.089,0.683,False,False
20261007,KOSDAQ,094820,일진파워,12090,111287,182301591810,12104.0,12000.0,12098.0,11617.5,1.086,6.708,False,False
20261007,KOSPI,457190,이수스페셜티케미컬,79400,227901,2399378436800,80560.0,72750.0,68905.0,63600.833,1.086,25.434,True,False
20261007,KOSDAQ,030520,한컴,17530,147309,423870912320,17518.0,17294.0,17212.5,17310.0,1.084,0.689,False,False
20261007,KOSDAQ,095610,테스,163100,408005,3157616000000,173700.0,166130.0,154330.0,149108.333,1.083,11.104,True,False
20261007,KOSDAQ,010170,대한광통신,17940,16404602,2789412740400,17590.0,17506.0,16263.0,13199.5,1.081,37.894,True,False
20261007,KOSDAQ,035810,이지홀딩스,4485,133410,289355089725,4481.0,4523.0,4577.75,4476.083,1.081,-4.473,False,False
20261007,KOSDAQ,086520,에코프로,91900,655664,12477828368800,88380.0,84270.0,83795.0,83515.0,1.08,11.529,True,False
20261007,KOSPI,058430,포스코스틸리온,4470,230471,268200000000,4586.0,4577.5,4670.75,4591.833,1.079,-4.077,False,False
20261007,KOSDAQ,083310,엘오티베큠,12850,101036,228858924050,12410.0,11593.0,10650.0,9388.5,1.078,35.549,True,False
20261007,KOSPI,003720,삼영,6450,148888,219300000000,6452.0,6438.0,6355.0,6394.333,1.076,6.436,False,False
20261007,KOSDAQ,005290,동진쎄미켐,51000,455447,2599476426000,51210.0,48005.0,44477.5,42673.333,1.074,26.708,True,False
20261007,KOSPI,005385,현대차우,173400,61738,3960289015800,175380.0,175970.0,177875.0,189683.333,1.073,-6.573,False,False
20261007,KOSDAQ,474610,RF시스템즈,8330,98567,120078782600,8374.0,8108.0,7587.5,6969.75,1.073,24.888,True,False
20261007,KOSDAQ,067990,도이치모터스,4015,52651,117163923250,3934.0,3871.5,3825.0,3830.583,1.071,6.499,False,False
20261007,KOSDAQ,073490,LIG아큐버,33450,54713,254348648700,33920.0,32975.0,31547.5,29825.833,1.07,13.007,True,False
20261007,KOSDAQ,083500,에프엔에스테크,14770,71326,122685188290,14506.0,13490.0,12276.0,12390.0,1.07,33.063,False,False
20261007,KOSPI,028050,삼성E&A,48600,1885866,9525600000000,47890.0,48915.0,49675.0,46954.167,1.069,5.998,False,False
20261007,KOSDAQ,041520,이엘씨,12730,17709,155162532900,12868.0,12700.0,12247.5,10918.167,1.069,13.864,True,False
20261007,KOSDAQ,199800,툴젠,33200,35481,298721282800,35200.0,34690.0,33805.0,36992.5,1.069,-6.742,False,False
20261007,KOSDAQ,064760,티씨케이,285000,74756,3186133560000,299200.0,290200.0,277650.0,234165.0,1.068,13.095,True,False
20261007,KOSPI,003620,KG모빌리티,2600,458273,526174771200,2545.0,2530.0,2591.5,2708.75,1.067,-1.328,False,False
20261007,KOSDAQ,024840,KBI메탈,6100,2768291,265144838700,6294.0,6258.0,5907.0,5236.25,1.067,16.635,True,False
20261007,KOSPI,011210,현대위아,52000,58514,1414144316000,52760.0,53040.0,54730.0,58038.333,1.066,-9.722,False,False
20261007,KOSPI,402340,SK스퀘어,1142000,545346,150657205716000,1151400.0,1142500.0,1107500.0,1093566.667,1.064,9.702,True,False
20261007,KOSPI,034590,인천도시가스,26250,807,114837292500,26320.0,26355.0,26490.0,26444.167,1.062,-1.13,False,False
20261007,KOSDAQ,041830,인바디,53100,74199,715834834200,52700.0,53630.0,55875.0,57112.5,1.062,-13.093,False,False
20261007,KOSPI,282330,BGF리테일,130000,45161,2246907780000,128620.0,131460.0,138145.0,136190.0,1.062,-11.924,False,False
20261007,KOSDAQ,217730,강스템바이오텍,2215,240776,208329940035,2232.0,2163.0,2165.25,2285.817,1.057,-2.208,False,False
20261007,KOSDAQ,093520,매커스,28750,17655,342177813750,29410.0,28950.0,27787.5,24475.333,1.053,9.733,True,False
20261007,KOSDAQ,264660,씨앤지하이테크,14660,31880,142512381520,14860.0,14255.0,13698.0,13141.5,1.053,12.337,True,False
20261007,KOSDAQ,354320,알멕,48750,210307,311579823750,45200.0,41890.0,39640.0,32240.833,1.052,50.929,True,False
20261007,KOSPI,064350,현대로템,107900,343742,11776453414700,112180.0,114070.0,118920.0,135045.0,1.051,-14.905,False,False
20261007,KOSDAQ,112040,위메이드,15850,201981,538083455550,15534.0,15377.0,15403.5,15832.333,1.051,4.828,False,False
20261007,KOSPI,009410,태영건설,1624,294744,518791894488,1622.4,1622.9,1654.35,1639.85,1.05,-3.734,False,False
20261007,KOSDAQ,042600,새로닉스,11880,22003,147592059120,11870.0,11815.0,11981.0,10775.833,1.05,-1.818,False,False
20261007,KOSPI,005440,현대지에프홀딩스,12280,352568,2252117603720,12554.0,12767.0,12873.5,12391.667,1.049,3.107,False,False
20261007,KOSDAQ,099430,바이오플러스,3870,170582,238549594140,3749.0,3528.0,3406.0,3522.0,1.049,14.837,False,False
20261007,KOSDAQ,108860,셀바스AI,8970,218016,241425666300,9010.0,8916.0,8899.5,8785.333,1.049,-2.394,False,False
20261007,KOSPI,016380,KG스틸,5600,258639,560049823200,5666.0,5642.0,5633.0,5487.167,1.048,0.179,False,False
20261007,KOSPI,259960,크래프톤,200500,76850,9206195694000,198940.0,199540.0,204520.0,223356.667,1.048,-7.39,False,False
20261007,KOSDAQ,356860,티엘비,50300,680988,1192173378000,48620.0,45950.0,41707.5,39098.333,1.046,35.397,True,False
20261007,KOSPI,000157,두산2우B,370000,367,330424060000,369600.0,380400.0,368025.0,348458.333,1.045,11.614,False,False
20261007,KOSPI,001430,세아베스틸지주,44150,145374,1583312553850,46000.0,45360.0,43927.5,39934.167,1.045,4.25,True,False
20261007,KOSDAQ,039560,다산네트웍스,2885,372841,123733230180,2797.0,2652.5,2542.75,2433.75,1.045,20.459,True,False
20261007,KOSPI,272210,한화시스템,77600,694543,14660144586400,79220.0,76820.0,74695.0,70968.333,1.044,12.791,True,False
20261007,KOSPI,0030R0,대신밸류리츠,4005,15469,239418900000,3894.0,3814.5,3823.25,3822.5,1.041,2.168,False,False
20261007,KOSPI,089470,HDC현대EP,3825,39990,122017500000,3793.0,3792.5,3847.25,3849.417,1.041,-3.287,False,False
20261007,KOSDAQ,049520,유아이엘,3710,41460,114426138750,3726.0,3737.5,3789.25,3737.083,1.04,-3.886,False,False
20261007,KOSPI,018250,애경산업,11260,19703,297375868100,11194.0,11156.0,11282.5,11448.833,1.038,-3.678,False,False
20261007,KOSDAQ,083450,GST,56200,145214,1035766000000,54360.0,52070.0,48610.0,46055.833,1.037,30.698,True,False
20261007,KOSDAQ,036560,KZ정밀,11900,4558,187425000000,11962.0,11995.0,12089.5,12015.167,1.036,-2.058,False,False
20261007,KOSDAQ,0009K0,에임드바이오,25900,108074,1687065419900,24860.0,23240.0,23102.5,23327.333,1.032,10.448,False,False
20261007,KOSDAQ,041920,메디아나,10370,71972,192863572510,10124.0,9597.0,8935.0,9041.167,1.032,22.288,False,False
20261007,KOSDAQ,240810,원익IPS,131100,1200877,6434899421100,137120.0,133210.0,124605.0,113881.667,1.032,14.199,True,False
20261007,KOSDAQ,174900,앱클론,26900,165163,536712270100,26570.0,23219.0,21885.0,23803.333,1.03,24.537,False,False
20261007,KOSPI,307950,현대오토에버,374000,43839,10256569268000,378800.0,376350.0,378400.0,400500.0,1.028,-5.316,False,False
20261007,KOSPI,003460,유화증권,2975,27473,168689684625,2984.0,2984.5,3006.25,3062.417,1.027,-2.936,False,False
20261007,KOSPI,009150,삼성전기,1604000,597877,119808688384000,1586800.0,1538300.0,1458200.0,1370433.333,1.027,14.49,True,False
20261007,KOSDAQ,232680,라온로보틱스,10790,109172,143048425000,10838.0,10464.0,9923.0,9372.0,1.027,14.787,True,False
20261007,KOSDAQ,163730,핑거,14920,165030,190464497640,14612.0,13627.0,11479.5,9880.333,1.026,55.904,True,False
20261007,KOSPI,006805,미래에셋증권우,10960,29407,147457297680,11154.0,11391.0,11609.0,12365.0,1.025,-8.131,False,False
20261007,KOSDAQ,083930,아바코,12680,31578,186107517320,12596.0,12367.0,12033.0,11232.667,1.025,11.915,True,False
20261007,KOSDAQ,950140,잉글우드랩,8260,12658,164108573160,8204.0,8203.0,8234.0,8429.167,1.025,-4.176,False,False
20261007,KOSDAQ,493280,아이엠바이오로직스,18850,187048,279846364850,17886.0,17186.0,16436.0,16891.5,1.024,28.057,False,False
20261007,KOSDAQ,123040,엠에스오토텍,1718,74052,107595417682,1664.0,1658.3,1678.6,1651.7,1.022,0.233,False,False
20261007,KOSPI,001750,한양증권,19200,6935,290102131200,19174.0,19177.0,19247.0,19455.5,1.021,-1.184,False,False
20261007,KOSDAQ,033640,네패스,31150,253028,718294142300,31150.0,29485.0,26612.5,21404.333,1.021,44.548,True,False
20261007,KOSDAQ,220260,켐트로스,4685,156037,150257577675,4723.0,4410.0,4111.25,3756.083,1.021,22.164,True,False
20261007,KOSPI,071840,롯데하이마트,5910,10919,139521577920,5956.0,5985.0,6086.5,6248.5,1.02,-6.487,False,False
20261007,KOSDAQ,195940,HK이노엔,40750,88580,1154443058250,40380.0,39675.0,39752.5,40151.667,1.019,-3.092,False,False
20261007,KOSDAQ,267980,매일유업,34750,4056,266311420500,34120.0,33820.0,33967.5,33971.667,1.019,1.164,False,False
20261007,KOSPI,005490,POSCO홀딩스,307500,209023,24366769552500,309800.0,311550.0,321175.0,319875.0,1.018,-8.754,False,False
20261007,KOSPI,010100,한국무브넥스,3400,49565,103531428000,3430.0,3398.5,3435.75,3524.5,1.015,-5.028,False,False
20261007,KOSPI,030610,교보증권,9800,35118,1116837017800,9890.0,9940.0,10089.0,9925.0,1.014,-2.97,False,False
20261007,KOSPI,014710,사조씨푸드,9960,5003,171496688280,9874.0,9734.0,10046.5,9979.5,1.012,-4.871,False,False
20261007,KOSPI,000270,기아,109600,749640,42789264580800,112240.0,114870.0,119620.0,129488.333,1.011,-13.36,False,False
20261007,KOSPI,183190,아세아시멘트,9960,34214,358343589120,10076.0,10263.0,10460.0,9889.667,1.011,-7.692,False,False
20261007,KOSPI,003545,대신증권우,19910,34399,485472179940,19988.0,20104.0,20250.0,20086.833,1.01,-2.162,False,False
20261007,KOSPI,011500,한농화성,14660,68062,229239035720,14706.0,13945.0,13573.0,12966.5,1.01,10.309,True,False
20261007,KOSDAQ,368770,파이버프로,14020,197211,460616234500,13926.0,13522.0,12985.5,12619.167,1.009,19.319,True,False
20261007,KOSDAQ,336570,원텍,5090,382959,454438488140,5023.0,4948.5,4967.5,5032.167,1.008,3.772,False,False
20261007,KOSDAQ,042520,한스바이오메드,22600,113619,322306894200,21880.0,20128.0,19813.0,20404.0,1.006,15.13,False,False
20261007,KOSDAQ,137400,피엔티,32300,117448,765210514400,31760.0,30320.0,29870.0,29936.667,1.006,9.677,False,False
20261007,KOSDAQ,100790,미래에셋벤처투자,16810,576481,892956916180,17582.0,17431.0,16878.5,15456.833,1.004,12.216,False,False
20261007,KOSPI,008730,율촌화학,15780,51299,391344000000,15172.0,14966.0,15251.5,14789.0,1.002,-2.952,False,False
20261007,KOSPI,006400,삼성SDI,562000,341875,45289067860000,539600.0,532500.0,538950.0,490025.0,1.0,2.555,False,False
20261007,KOSDAQ,281740,레이크머티리얼즈,12670,405546,832806043160,12380.0,11597.0,11269.0,11709.167,1.0,14.557,False,False
20261007,KOSDAQ,317330,덕산테코피아,13750,123730,281553030000,13110.0,12892.0,12985.5,11360.0,1.0,15.449,False,False
20261007,KOSDAQ,089970,브이엠,64500,687563,1712866192500,66960.0,62940.0,56982.5,66362.5,0.999,22.159,False,False
20261007,KOSDAQ,056190,SFA,31050,146085,1114966998000,30490.0,29350.0,27647.5,24011.167,0.998,31.013,True,False
20261007,KOSPI,020150,롯데에너지머티리얼즈,53700,330231,2812025363100,48730.0,45040.0,42435.0,35540.833,0.997,45.726,True,False
20261007,KOSDAQ,166480,코아스템켐온,2355,120479,124509735480,2295.0,2211.5,2175.0,2052.95,0.997,3.063,True,False
20261007,KOSDAQ,445680,큐리옥스바이오시스템즈,59200,69502,1019702180800,59100.0,54445.0,51300.0,46080.833,0.995,24.239,True,False
20261007,KOSPI,000880,한화,118000,101229,6292809846000,124620.0,127560.0,132990.0,108621.667,0.994,-14.119,False,False
20261007,KOSPI,071055,한국금융지주우,140000,10849,820155140000,141480.0,143060.0,146115.0,148323.333,0.994,-4.372,False,False
20261007,KOSDAQ,112290,와이씨켐,12420,198845,251145937800,12556.0,11511.0,10716.5,10131.0,0.991,33.836,True,False
20261007,KOSPI,005930,삼성전자,268500,16395504,1569725806248000,272200.0,273950.0,267075.0,258166.667,0.989,5.088,False,False
20261007,KOSDAQ,171090,선익시스템,72600,42790,735265647600,73300.0,71600.0,70080.0,64940.0,0.989,8.036,True,False
20261007,KOSDAQ,464080,에스오에스랩,10480,100401,188782203120,10496.0,10256.0,10084.0,9315.167,0.987,3.15,True,False
20261007,KOSPI,011785,금호석유화학우,49000,2820,148150814000,49380.0,49685.0,50482.5,50511.667,0.986,-5.405,False,False
20261007,KOSPI,096770,SK이노베이션,159600,990714,26980824964800,152000.0,149500.0,145650.0,128246.667,0.985,15.401,True,False
20261007,KOSDAQ,257720,실리콘투,37550,738374,2462388262600,37570.0,38430.0,41205.0,41422.5,0.983,-21.771,False,False
20261007,KOSDAQ,194700,노바렉스,10570,47010,192953743360,10376.0,10279.0,10255.0,12136.333,0.982,0.955,False,False
20261007,KOSPI,004170,신세계,319500,70277,3017735329500,329600.0,339350.0,358725.0,426458.333,0.981,-16.471,False,False
20261007,KOSPI,035720,카카오,33050,1223719,14641166855500,33420.0,33575.0,34092.5,35887.5,0.981,-8.702,False,False
20261007,KOSPI,004980,성신양회,8130,53501,199315673490,8162.0,8192.0,8231.5,8168.5,0.979,-3.214,False,False
20261007,KOSPI,034220,LG디스플레이,8250,2807479,4125000000000,8460.0,8457.0,8612.5,9350.5,0.977,-9.639,False,False
20261007,KOSPI,453340,현대그린푸드,18990,35995,616635437130,18888.0,18960.0,18877.0,18610.167,0.977,1.064,False,False
20261007,KOSDAQ,455900,엔젤로보틱스,22200,47372,341724178200,21810.0,21540.0,21260.0,20294.5,0.976,8.293,True,False
20261007,KOSDAQ,357780,솔브레인,413500,31845,3216437041000,419300.0,389850.0,361025.0,322225.0,0.975,27.231,True,False
20261007,KOSDAQ,289930,웨이비스,8000,97775,105192080000,8172.0,8082.0,7642.0,7177.5,0.974,16.618,True,False
20261007,KOSDAQ,311320,지오엘리먼트,8940,36899,112774166400,8818.0,8588.0,8469.5,8221.0,0.973,-1.325,True,False
20261007,KOSDAQ,488280,에스투더블유,16530,1074874,178945283580,15896.0,15434.0,14235.0,11456.667,0.972,70.062,True,False
20261007,KOSPI,005070,코스모신소재,46400,133650,1541156094400,45840.0,43890.0,42110.0,38940.0,0.971,18.974,True,False
20261007,KOSDAQ,025900,동화기업,7350,61439,371596044750,7330.0,7054.0,7080.0,6751.333,0.97,2.225,False,False
20261007,KOSPI,010820,퍼스텍,6000,414051,292631628000,6282.0,6286.0,6202.5,5952.0,0.967,5.82,False,False
20261007,KOSPI,009240,한샘,40500,24224,953124084000,39670.0,39795.0,39405.0,38564.167,0.966,8.289,False,False
20261007,KOSDAQ,200710,에이디테크놀로지,28600,88501,385013400200,28950.0,27845.0,26082.5,27022.5,0.966,22.747,False,False
20261007,KOSDAQ,206650,유바이오로직스,8490,75024,312027086430,8458.0,8387.0,8448.5,8446.833,0.966,-3.413,False,False
20261007,KOSPI,229640,LS에코에너지,69000,243392,2113116651000,65600.0,63620.0,57272.5,48785.0,0.966,51.316,True,False
20261007,KOSDAQ,254490,미래반도체,18350,85900,264937300000,18360.0,17485.0,16317.5,15717.5,0.965,20.092,True,False
20261007,KOSDAQ,036810,에프에스티,34500,127157,746917720500,34390.0,32600.0,29372.5,24814.667,0.962,35.029,True,False
20261007,KOSDAQ,095340,ISC,202500,158509,4292404245000,210400.0,208460.0,197645.0,165435.0,0.962,11.264,True,False
20261007,KOSDAQ,255220,SG,1086,1917129,163511745972,1112.4,1125.9,1154.1,1238.75,0.962,-4.064,False,False
20261007,KOSDAQ,031330,에스에이엠티,8600,366228,859957576200,8686.0,8501.0,8263.0,8998.333,0.961,7.905,False,False
20261007,KOSDAQ,098460,고영,36200,1295023,2468992510600,34350.0,31820.0,29760.0,28674.167,0.96,29.749,True,False
20261007,KOSDAQ,134580,탑코미디어,2370,639696,116827133130,2739.0,3008.0,3348.0,2355.85,0.96,-33.427,False,False
20261007,KOSPI,013520,화승코퍼레이션,2545,56552,127380436340,2533.0,2514.5,2525.5,2556.417,0.959,-0.973,False,False
20261007,KOSDAQ,265740,엔에프씨,7670,525316,137013812000,7476.0,7535.0,7219.5,6483.917,0.959,14.82,False,False
20261007,KOSDAQ,317770,엑스페릭스,2960,145361,109511125920,2900.0,2751.0,2619.25,2528.75,0.959,25.424,True,False
20261007,KOSDAQ,122640,예스티,31800,353083,688512135000,33420.0,32715.0,31022.5,27646.0,0.958,17.127,True,False
20261007,KOSDAQ,036030,케이티알파,5040,31591,247056470640,4985.0,4944.5,4865.75,4692.5,0.957,5.882,True,False
20261007,KOSDAQ,402490,그린리소스,7640,171664,129385057880,7842.0,7577.0,7027.5,6890.5,0.956,21.078,True,False
20261007,KOSDAQ,348340,뉴로메카,21150,358920,495088167600,21370.0,20678.0,19495.5,22289.333,0.955,22.68,False,False
20261007,KOSDAQ,950160,코오롱티슈진,16810,611058,1428348389600,16376.0,15970.0,16326.5,25170.0,0.954,-1.696,False,False
20261007,KOSDAQ,017510,세명전기,7670,172527,116936820000,7792.0,7761.0,7638.5,7187.333,0.953,7.273,True,False
20261007,KOSPI,006340,대원전선,12950,2349036,1015466687200,13160.0,13269.0,13223.5,13231.667,0.951,0.155,False,False
20261007,KOSPI,001120,LX인터내셔널,43950,99654,1703502000000,43420.0,42170.0,41417.5,38959.167,0.95,9.057,True,False
20261007,KOSPI,462870,시프트업,31350,29135,1841558251500,31000.0,31095.0,31275.0,31822.5,0.949,-1.57,False,False
20261007,KOSPI,005945,NH투자증권우,22100,32061,417048392800,22320.0,22605.0,22812.5,23792.5,0.947,-4.741,False,False
20261007,KOSDAQ,014940,오리엔탈정공,4450,106929,202802791450,4504.0,4497.0,4550.0,4572.833,0.947,-3.471,False,False
20261007,KOSDAQ,018310,삼목에스폼,14900,15196,219030000000,15016.0,14814.0,14583.0,14165.0,0.947,8.049,True,False
20261007,KOSDAQ,054800,아이디스홀딩스,14410,6484,149111163960,14674.0,14691.0,14883.0,14826.5,0.945,-5.755,False,False
20261007,KOSPI,381970,KG모빌리티플랫폼,6280,56398,306594925440,6294.0,6335.0,6396.5,6869.167,0.945,-1.413,False,False
20261007,KOSDAQ,036620,감성코퍼레이션,3835,196910,344624390240,3760.0,3728.5,3765.0,3964.083,0.944,2.54,False,False
20261007,KOSDAQ,242040,나무AX,3140,260639,108663668960,3208.0,3153.0,3115.0,3430.917,0.942,3.63,False,False
20261007,KOSDAQ,226950,올릭스,122700,220899,2806745076600,116300.0,109970.0,107495.0,109830.0,0.941,27.946,False,False
20261007,KOSDAQ,252990,샘씨엔에스,19050,768539,1147150785450,19684.0,19031.0,17135.0,14618.667,0.94,39.458,True,False
20261007,KOSDAQ,418420,라온텍,4015,132319,123559850370,4195.0,4189.0,4101.5,3829.417,0.935,-1.351,False,False
20261007,KOSDAQ,011560,세보엠이씨,23350,59256,235481761200,24340.0,24100.0,24255.0,22998.833,0.933,-3.313,False,False
20261007,KOSDAQ,067080,대화제약,12130,55505,225819964500,11774.0,11536.0,11286.5,10357.167,0.931,10.675,True,False
20261007,KOSPI,126720,수산인더스트리,21750,20379,310720500000,21470.0,21460.0,21675.0,21563.833,0.93,2.594,False,False
20261007,KOSDAQ,129920,대성하이텍,7140,157183,116015689440,6990.0,6471.0,5785.0,5400.75,0.93,32.222,True,False
20261007,KOSPI,950210,프레스티지바이오파마,5930,27933,356370199150,6006.0,5978.0,6076.0,6075.333,0.93,-8.769,False,False
20261007,KOSPI,088980,맥쿼리인프라,9800,632179,4693435531400,9772.0,9795.0,9807.0,9885.333,0.928,-1.21,False,False
20261007,KOSDAQ,102120,어보브반도체,8580,189039,152558860740,8632.0,8184.0,7569.0,7271.167,0.928,24.168,True,False
20261007,KOSPI,017800,현대엘리베이터,72000,70639,2814651720000,72640.0,73260.0,73770.0,71996.667,0.927,-3.872,False,False
20261007,KOSDAQ,304100,솔트룩스,14840,66676,186892808200,15148.0,15066.0,15246.0,14709.333,0.926,-3.574,False,False
20261007,KOSPI,210540,디와이파워,11070,19434,122231707560,11120.0,11137.0,11220.5,11213.5,0.925,-4.073,False,False
20261007,KOSDAQ,237690,에스티팜,96400,90822,2012507903200,94780.0,93320.0,92145.0,102113.333,0.922,-4.743,False,False
20261007,KOSPI,000120,CJ대한통운,70300,39838,1603707783200,70140.0,70390.0,71275.0,73215.0,0.92,-4.223,False,False
20261007,KOSDAQ,250060,모비스,3115,177882,100213643110,3140.0,3098.5,3073.75,2851.0,0.918,3.833,True,False
20261007,KOSDAQ,009520,포스코엠텍,13200,128768,549683679600,12992.0,12698.0,12718.0,11876.333,0.917,4.348,False,False
20261007,KOSDAQ,383310,에코프로에이치엔,25450,130210,533812019400,24800.0,23420.0,23097.5,23906.667,0.917,10.893,False,False
20261007,KOSDAQ,482630,삼양엔씨켐,15140,162879,331388559200,15126.0,14475.0,13550.0,13230.333,0.917,19.589,True,False
20261007,KOSPI,024090,디씨엠,11350,3757,129390000000,11420.0,11438.0,11557.5,11297.0,0.916,-3.24,False,False
20261007,KOSDAQ,110990,디아이티,18900,68201,357210000000,18800.0,18095.0,16985.0,16501.833,0.916,19.772,True,False
20261007,KOSDAQ,214450,파마리서치,308500,89185,3205206408000,309100.0,315350.0,331350.0,363833.333,0.916,-20.181,False,False
20261007,KOSDAQ,019210,와이지-원,12500,444908,464921600000,12706.0,12597.0,12931.5,15992.333,0.915,-12.342,False,False
20261007,KOSPI,003120,일성아이에스,22200,4373,295260000000,22040.0,21930.0,21755.0,20859.0,0.914,8.029,True,False
20261007,KOSPI,077970,STX엔진,22100,122035,887272192300,22470.0,22345.0,23090.0,24350.833,0.914,-6.157,False,False
20261007,KOSPI,008060,대덕,16330,74767,510918310340,16012.0,15405.0,14921.5,14849.5,0.913,12.466,True,False
20261007,KOSPI,011280,태림포장,1537,49877,108828729780,1454.8,1424.7,1488.65,1609.167,0.912,-5.123,False,False
20261007,KOSDAQ,420770,기가비스,135300,137004,1715030057400,132300.0,126890.0,113420.0,118141.667,0.912,33.696,False,False
20261007,KOSPI,051910,LG화학,277000,173596,19554078457000,265300.0,260400.0,266875.0,264991.667,0.911,-1.773,False,False
20261007,KOSPI,089590,제주항공,4585,236855,369738916225,4550.0,4530.5,4623.25,4405.833,0.91,-2.757,False,False
20261007,KOSDAQ,205500,넥써쓰,1778,134666,148572875066,1800.6,1790.8,1826.35,1709.45,0.907,-1.387,False,False
20261007,KOSPI,017960,한국카본,20250,139331,1046448841500,20330.0,20326.0,21045.5,22381.667,0.906,-10.2,False,False
20261007,KOSDAQ,058970,엠로,16340,18973,202008053960,16728.0,16565.0,16242.5,15649.167,0.906,1.302,True,False
20261007,KOSDAQ,215600,신라젠,2380,595932,329757482320,2365.0,2312.0,2294.0,2258.867,0.906,0.634,False,False
20261007,KOSPI,003480,한진중공업홀딩스,4670,20321,137904222040,4682.0,4702.5,4717.0,4690.167,0.904,-1.477,False,False
20261007,KOSPI,010950,S-Oil,170600,380552,19206624315200,162520.0,159640.0,156365.0,145471.667,0.902,8.455,True,False
20261007,KOSPI,000860,강남제비스코,12480,6075,162240000000,12152.0,12189.0,12435.5,12428.833,0.901,-1.344,False,False
20261007,KOSPI,008350,남선알미늄,1073,608472,138501863570,1068.0,1068.8,1066.15,1048.6,0.898,1.996,False,False
20261007,KOSPI,003610,방림,5490,60247,176288171220,5492.0,5564.0,5622.0,5463.167,0.895,-0.182,False,False
20261007,KOSPI,017940,E1,91400,7662,627004000000,90220.0,91510.0,94320.0,91318.333,0.895,-6.448,False,False
20261007,KOSPI,018880,한온시스템,3855,5377993,3956198923410,3754.0,3515.0,3483.5,3509.417,0.894,9.362,False,False
20261007,KOSPI,031210,서울보증보험,42800,39518,2988364394400,42290.0,42190.0,42582.5,42882.5,0.894,-1.947,False,False
20261007,KOSPI,042700,한미반도체,264500,605179,25210076900000,267900.0,254600.0,245025.0,223966.667,0.894,15.0,True,False
20261007,KOSDAQ,397030,에이프릴바이오,15750,237260,434050816500,18060.0,18200.0,17884.0,21714.167,0.894,-11.517,False,False
20261007,KOSPI,002810,삼영무역,21500,14389,397039382000,21470.0,21410.0,21560.0,21980.833,0.893,-2.494,False,False
20261007,KOSPI,005940,NH투자증권,26550,377370,9802422087750,26530.0,26335.0,26232.5,27440.0,0.893,-0.375,False,False
20261007,KOSDAQ,094360,칩스앤미디어,12860,119351,274628823640,12756.0,12401.0,11518.5,10800.833,0.892,17.443,True,False
20261007,KOSPI,033240,자화전자,27450,71587,593071029900,27480.0,27070.0,27220.0,26931.833,0.891,-10.294,False,False
20261007,KOSDAQ,082270,젬백스,11090,96949,504379709830,10970.0,10691.0,10458.5,10690.333,0.891,5.019,False,False
20261007,KOSPI,005387,현대차2우B,174000,97051,5960726178000,175800.0,176270.0,177450.0,190033.333,0.89,-5.844,False,False
20261007,KOSDAQ,241520,DSC인베스트먼트,8180,94964,217588000000,8362.0,8243.0,8123.0,7984.5,0.89,2.378,True,False
20261007,KOSPI,298020,효성티앤씨,283000,13579,1224734006000,279900.0,294300.0,314175.0,316783.333,0.889,-18.444,False,False
20261007,KOSPI,008770,호텔신라,39400,152137,1546375967400,39240.0,39755.0,40547.5,43145.833,0.888,-6.635,False,False
20261007,KOSDAQ,049630,재영솔루텍,7050,179325,164724229950,7170.0,7115.0,7081.5,6731.5,0.887,-1.261,False,False
20261007,KOSDAQ,032620,GC메디아이,3245,33418,169379716055,3230.0,3175.5,3124.75,3035.333,0.886,4.677,True,False
20261007,KOSDAQ,293780,압타바이오,7890,44627,221656965450,7716.0,7115.0,6738.0,5843.75,0.886,22.136,True,False
20261007,KOSDAQ,338840,와이바이오로직스,8180,22520,126003599340,8360.0,8256.0,8423.0,9131.0,0.886,-5.76,False,False
20261007,KOSPI,069960,현대백화점,86800,101607,1871834361600,88440.0,91810.0,95320.0,109288.333,0.885,-9.771,False,False
20261007,KOSPI,383800,LX홀딩스,8010,63167,611008326900,8038.0,8084.0,8076.0,7954.333,0.885,-2.198,False,False
20261007,KOSPI,071050,한국금융지주,174400,137869,9718613004800,178020.0,180810.0,185550.0,196478.333,0.883,-7.627,False,False
20261007,KOSPI,241560,두산밥캣,55000,132710,5272083575000,54980.0,56230.0,58870.0,61143.333,0.882,-12.42,False,False
20261007,KOSDAQ,293490,카카오게임즈,10110,289156,1079194629150,9884.0,9537.0,9423.0,8669.667,0.881,11.96,True,False
20261007,KOSDAQ,018120,진로발효,16680,581,110440281600,16770.0,16762.0,16708.5,16605.833,0.878,0.725,False,False
20261007,KOSPI,357120,코람코라이프인프라리츠,4060,65657,395181537240,4117.0,4177.0,4138.0,4161.333,0.876,-0.368,False,False
20261007,KOSDAQ,094840,슈프리마에이치큐,13170,17851,129146455530,13194.0,12828.0,12469.5,13009.5,0.875,8.663,False,False
20261007,KOSDAQ,253590,네오셈,15940,789190,699274474160,15140.0,14234.0,12933.5,10938.5,0.875,41.187,True,False
20261007,KOSDAQ,322310,오로스테크놀로지,16140,85281,151175987880,16088.0,15141.0,13828.0,14506.833,0.875,30.9,False,False
20261007,KOSPI,005680,삼영전자,12500,18618,250000000000,12532.0,12621.0,12471.5,12945.0,0.874,3.05,False,False
20261007,KOSDAQ,092870,엑시콘,52900,331527,690387161300,52300.0,47560.0,38965.0,25762.0,0.874,62.021,True,False
20261007,KOSDAQ,477850,마키나락스,21300,395135,378175876800,22270.0,21985.0,22097.5,24547.5,0.874,-8.584,False,False
20261007,KOSDAQ,074600,원익QnC,31600,164461,830700800000,31970.0,30510.0,28612.5,27703.333,0.873,22.718,True,False
20261007,KOSDAQ,403870,HPSP,65500,2113429,5390650000000,66500.0,61400.0,57495.0,46842.5,0.872,28.937,True,False
20261007,KOSPI,010130,고려아연,1063000,13711,22187966047000,1078200.0,1090600.0,1132750.0,1136083.333,0.871,-13.011,False,False
20261007,KOSPI,483650,달바글로벌,182800,128530,2289965762000,183880.0,183650.0,178815.0,210158.333,0.871,-4.092,False,False
20261007,KOSPI,033530,SJG세종,6790,27292,183685110210,6780.0,6761.0,6750.0,6609.5,0.87,-3.0,False,False
20261007,KOSPI,249420,일동제약,14810,213675,468562512120,14514.0,14239.0,14662.0,14525.333,0.87,-1.464,False,False
20261007,KOSDAQ,123330,제닉,22000,240935,175310960000,22290.0,23140.0,24550.0,27020.833,0.868,-31.034,False,False
20261007,KOSDAQ,234690,녹십자웰빙,10900,357239,195799861000,10724.0,9935.0,9769.5,8970.833,0.868,5.416,True,False
20261007,KOSDAQ,417200,LS머트리얼즈,15600,1221202,1055381480400,14868.0,14096.0,13006.0,11968.5,0.866,42.336,True,False
20261007,KOSDAQ,214430,아이쓰리시스템,79300,24134,579462149500,76040.0,71930.0,66015.0,63388.333,0.865,32.609,True,False
20261007,KOSPI,004690,삼천리,128300,4933,465315489100,128140.0,129580.0,131770.0,125438.333,0.864,-6.145,False,False
20261007,KOSDAQ,285490,노바텍,12590,17238,133149712290,12428.0,12303.0,12125.0,11670.0,0.864,7.699,True,False
20261007,KOSPI,185750,종근당,66200,14308,913744036000,65300.0,65040.0,65805.0,67333.333,0.863,-2.647,False,False
20261007,KOSDAQ,323280,태성,59700,338230,1823117406000,59920.0,53975.0,50085.0,44373.333,0.863,33.11,True,False
20261007,KOSPI,001340,PKC,5070,73660,228292411230,5154.0,5069.0,5025.25,5019.917,0.862,-0.588,True,False
20261007,KOSDAQ,023760,한국캐피탈,1403,39644,221400117564,1406.6,1410.0,1410.35,1009.883,0.862,-1.267,False,False
20261007,KOSPI,267290,경동도시가스,20900,4257,123213985400,21100.0,21335.0,21702.5,21011.167,0.862,-5.643,False,False
20261007,KOSDAQ,348370,엔켐,23200,160624,508335060800,22440.0,21370.0,21267.5,20862.333,0.862,12.077,True,False
20261007,KOSPI,016360,삼성증권,89400,238120,7983420000000,89520.0,89490.0,88160.0,92880.0,0.861,2.995,False,False
20261007,KOSDAQ,077360,덕산하이메탈,13780,809978,626121887560,13988.0,13533.0,11983.0,10218.667,0.86,36.978,True,False
20261007,KOSDAQ,456010,아이씨티케이,24950,1023748,361833632500,24990.0,24140.0,20871.5,17271.333,0.86,67.787,True,False
20261007,KOSDAQ,272290,이녹스첨단소재,22050,71852,439622073450,22250.0,21675.0,21012.5,20877.0,0.859,7.824,True,False
20261007,KOSPI,000100,유한양행,75000,168036,5521183575000,74600.0,74550.0,76635.0,76926.667,0.856,-7.862,False,False
20261007,KOSPI,075580,세진중공업,9810,87708,557693163360,9902.0,9928.0,10121.5,10662.667,0.856,-4.572,False,False
20261007,KOSPI,102260,동성케미컬,3690,55472,186970790790,3697.0,3656.5,3677.0,3631.833,0.856,-1.862,False,False
20261007,KOSDAQ,307930,컴퍼니케이,6510,46063,101621100000,6426.0,6418.0,6170.0,6114.667,0.856,8.681,True,False
20261007,KOSDAQ,078070,유비쿼스홀딩스,9240,17126,157623709320,9072.0,8914.0,8698.0,8694.167,0.854,8.706,True,False
20261007,KOSDAQ,042370,비츠로테크,10720,1271567,280864268000,11096.0,10959.0,10045.5,8832.667,0.853,32.182,True,False
20261007,KOSPI,138930,BNK금융지주,15480,866086,4749879345480,15834.0,15950.0,15870.5,15897.667,0.853,0.585,False,False
20261007,KOSPI,005880,대한해운,2070,1133988,668086993800,2082.0,2056.1,2064.55,1991.1,0.852,-1.663,False,False
20261007,KOSDAQ,049960,쎌바이오텍,15220,6310,143068000000,15350.0,15222.0,15348.0,15427.167,0.852,-3.671,False,False
20261007,KOSDAQ,067900,와이엔텍,5860,14413,106650001740,5908.0,5906.0,5968.5,5985.833,0.852,-2.658,False,False
20261007,KOSDAQ,119830,아이텍,6590,115849,174888952240,6634.0,6427.0,6235.0,6045.75,0.851,8.388,True,False
20261007,KOSDAQ,061970,LB세미콘,4690,300937,328689298140,4727.0,4562.5,4277.5,4200.417,0.85,21.345,True,False
20261007,KOSDAQ,089030,테크윙,53700,601279,1989780736500,55020.0,52030.0,49140.0,47408.333,0.849,14.013,True,False
20261007,KOSDAQ,109740,디에스케이,3995,17758,102713008050,3945.0,3999.5,4131.75,4356.75,0.849,-4.426,False,False
20261007,KOSDAQ,222800,심텍,170400,619928,6557763230400,164520.0,155030.0,141220.0,117748.333,0.847,44.529,True,False
20261007,KOSDAQ,007330,푸른저축은행,9990,6259,150677172000,9978.0,9997.0,10060.5,10090.0,0.845,-0.794,False,False
20261007,KOSPI,010140,삼성중공업,19540,2513129,17195200000000,19724.0,19950.0,20592.5,21134.833,0.845,-8.692,False,False
20261007,KOSDAQ,084110,휴온스글로벌,23950,26776,303202497400,22840.0,22260.0,22412.5,23993.333,0.844,0.63,False,False
20261007,KOSPI,001740,SK네트웍스,6370,586371,1277783072930,6426.0,6278.0,6312.5,7023.333,0.843,-0.469,False,False
20261007,KOSPI,033270,유나이티드제약,17970,22755,285916626750,17732.0,17720.0,17934.0,17858.833,0.843,-2.865,False,False
20261007,KOSDAQ,080580,오킨스전자,28150,366952,593710383250,27330.0,25780.0,23484.0,17737.833,0.843,45.553,True,False
20261007,KOSDAQ,388790,라이콤,5420,911704,165928747200,5444.0,5343.0,4982.25,4343.417,0.843,33.662,True,False
20261007,KOSDAQ,085910,네오티스,19200,196488,264860505600,17982.0,17023.0,15191.5,16311.333,0.842,33.056,False,False
20261007,KOSDAQ,232140,와이씨,17190,2331100,1410359566500,16564.0,15377.0,13575.5,11286.833,0.842,46.547,True,False
20261007,KOSPI,322000,HD현대에너지솔루션,145500,236514,1629600000000,139040.0,129710.0,130090.0,128151.667,0.842,4.752,False,False
20261007,KOSPI,006650,대한유화,90600,41355,588900000000,90140.0,91580.0,96510.0,94156.667,0.841,-6.308,False,False
20261007,KOSPI,200880,서연이화,11050,19922,298664228850,11082.0,10988.0,11116.0,11394.5,0.84,-4.987,False,False
20261007,KOSPI,011780,금호석유화학,115900,57169,2915733967500,116620.0,117120.0,120615.0,121280.0,0.839,-7.943,False,False
20261007,KOSDAQ,024850,HLB이노베이션,17980,340333,621028678580,16900.0,16439.0,15976.0,13115.333,0.838,7.923,True,False
20261007,KOSPI,034020,두산에너빌리티,80500,2302133,51565172253000,81360.0,82200.0,84955.0,78260.0,0.838,1.641,False,False
20261007,KOSDAQ,048410,현대바이오,7290,1314546,703525619880,7088.0,6985.0,6837.5,6698.0,0.838,17.391,True,False
20261007,KOSPI,092200,디아이씨,5710,178344,222053728990,5690.0,5632.0,5603.5,5315.167,0.836,-1.721,False,False
20261007,KOSPI,051900,LG생활건강,271000,53504,4058366733000,269600.0,280750.0,288125.0,286250.0,0.834,-7.823,False,False
20261007,KOSPI,003010,혜인,8320,469433,105770055040,9290.0,9472.0,9349.5,7833.833,0.833,-21.878,False,False
20261007,KOSPI,012610,경인양행,3440,92142,143160295600,3372.0,3285.0,3208.5,3102.5,0.832,8.861,True,False
20261007,KOSPI,025540,한국단자,55000,13407,556325000000,55540.0,55930.0,56040.0,58961.667,0.832,-1.434,False,False
20261007,KOSDAQ,054950,제이브이엠,24350,12329,294388870200,24120.0,23675.0,23480.0,23321.667,0.832,4.731,True,False
20261007,KOSDAQ,098070,한텍,24050,82204,267463441050,23780.0,24005.0,24597.5,24643.333,0.832,0.208,False,False
20261007,KOSPI,000700,유수홀딩스,6640,19744,172917631680,6632.0,6653.0,6591.0,6368.167,0.831,0.0,False,False
20261007,KOSPI,000080,하이트진로,14860,58731,1042185459460,14794.0,14940.0,15078.5,15219.167,0.829,-4.376,False,False
20261007,KOSPI,002030,아세아,209000,1492,430300068000,204820.0,207860.0,211080.0,198110.0,0.829,1.211,False,False
20261007,KOSPI,001510,SK증권,2260,1787805,522726892100,2311.0,2316.0,2361.0,2330.0,0.827,-6.996,False,False
20261007,KOSPI,039570,HDC랩스,7410,4836,192345823410,7460.0,7477.0,7525.0,7558.833,0.827,-1.984,False,False
20261007,KOSDAQ,115500,케이씨에스,11940,563039,143280000000,11318.0,10820.0,10266.0,9022.0,0.827,36.301,True,False
20261007,KOSDAQ,028300,HLB,45900,1070602,6113798435700,43140.0,38910.0,35232.5,35337.5,0.825,36.0,False,False
20261007,KOSDAQ,340570,티앤엘,28550,51626,458801926000,27990.0,27985.0,27852.5,37749.167,0.825,-3.71,False,False
20261007,KOSPI,003520,영진약품,1069,326688,195512329439,1046.4,1036.6,1048.85,1143.617,0.822,-4.211,False,False
20261007,KOSDAQ,101160,월덱스,32200,36379,531653974600,32610.0,31835.0,31017.5,29694.167,0.822,9.153,True,False
20261007,KOSPI,000660,SK하이닉스,1723000,2618253,1258638344895000,1789200.0,1804900.0,1794700.0,1723316.667,0.821,4.614,False,False
20261007,KOSDAQ,036010,아비코전자,8110,81021,107805694740,8126.0,7750.0,7336.0,6672.25,0.82,15.857,True,False
20261007,KOSDAQ,425040,티이엠씨,15060,907418,330158843880,14872.0,13909.0,11537.5,9818.833,0.819,79.714,True,False
20261007,KOSPI,007310,오뚜기,315000,2440,1262466450000,314900.0,314900.0,321300.0,323416.667,0.817,-5.689,False,False
20261007,KOSPI,030000,제일기획,18960,356662,2181181626000,18758.0,18222.0,18339.0,18736.167,0.816,0.158,False,False
20261007,KOSPI,033780,KT&G,179600,180210,18644357897600,176760.0,176180.0,173645.0,176086.667,0.816,4.116,False,False
20261007,KOSPI,007340,DN오토모티브,49050,96453,2869957928250,49410.0,49355.0,47775.0,45279.167,0.815,8.758,True,False
20261007,KOSDAQ,114810,한솔아이원스,14630,177642,411734635620,15194.0,14815.0,13739.5,12247.5,0.812,9.588,True,False
20261007,KOSPI,361610,SK아이이테크놀로지,18280,467303,1495068188000,17542.0,17234.0,16848.5,15541.833,0.812,12.285,True,False
20261007,KOSDAQ,078150,HB테크놀러지,2330,1517468,221167789340,2309.0,2190.0,2106.25,1979.15,0.811,24.2,True,False
20261007,KOSPI,004560,현대비앤지스틸,11930,35162,179890215230,12304.0,12381.0,12308.5,11713.833,0.81,2.403,False,False
20261007,KOSDAQ,071280,로체시스템즈,9100,134304,139199087300,8798.0,8225.0,7612.0,6873.0,0.809,21.658,True,False
20261007,KOSDAQ,036830,솔브레인홀딩스,47150,53303,966762704150,46360.0,43445.0,42680.0,38508.333,0.808,9.397,True,False
20261007,KOSPI,090435,아모레퍼시픽우,40150,28285,423896874500,40370.0,41495.0,43075.0,43168.333,0.808,-11.758,False,False
20261007,KOSDAQ,037460,삼지전자,31250,38953,509953812500,32080.0,31445.0,30897.5,32596.667,0.806,4.167,False,False
20261007,KOSPI,066970,엘앤에프,117600,428577,4784695238400,116220.0,112940.0,114490.0,104125.0,0.806,-3.05,False,False
20261007,KOSPI,097230,HJ중공업,14870,193211,1342691765280,15058.0,14970.0,15297.0,15997.333,0.806,-7.697,False,False
20261007,KOSPI,035420,NAVER,189000,514678,28745835741000,191440.0,194330.0,200425.0,206691.667,0.805,-11.475,False,False
20261007,KOSDAQ,085660,차바이오텍,8560,149500,795847561760,8508.0,8273.0,8138.0,8603.167,0.805,5.81,False,False
20261007,KOSPI,009420,한올바이오파마,45800,192166,2392621220400,46460.0,45830.0,48332.5,52154.167,0.804,-16.271,False,False
20261007,KOSDAQ,023410,유진기업,3235,163424,250100641805,3249.0,3241.5,3251.25,3295.083,0.804,1.411,False,False
20261007,KOSDAQ,365340,성일하이텍,37500,26544,484541812500,37340.0,36000.0,35997.5,34087.5,0.804,0.806,False,False
20261007,KOSDAQ,378340,필에너지,12840,36090,277907444880,12792.0,12391.0,12118.5,10991.167,0.804,10.404,True,False
20261007,KOSPI,003160,디아이,41550,564970,1175865000000,41000.0,38480.0,34542.5,26947.667,0.802,32.96,True,False
20261007,KOSDAQ,098120,마이크로컨텍솔,60500,136498,502922343000,58940.0,58360.0,54425.0,37806.5,0.802,42.353,True,False
20261007,KOSPI,404990,신한서부티엔디리츠,3860,38176,237883539600,3890.0,3892.0,3847.25,3867.667,0.801,-1.781,False,False
20261007,KOSPI,002240,고려제강,16720,28126,451440000000,16904.0,16808.0,16926.0,17003.167,0.8,-2.904,False,False
20261007,KOSPI,214320,이노션,17960,42027,718400000000,18090.0,18109.0,18267.0,18717.667,0.8,-4.315,False,False
20261007,KOSPI,170900,동아에스티,35400,6160,344366987400,34960.0,34925.0,35517.5,36329.167,0.799,-4.195,False,False
20261007,KOSPI,034730,SK,580000,97345,42051567740000,585000.0,586300.0,581550.0,569691.667,0.797,1.222,False,False
20261007,KOSPI,100090,SK오션플랜트,12400,498781,774728799600,12170.0,11857.0,12163.0,13125.333,0.797,-10.534,False,False
20261007,KOSPI,353200,대덕전자,151300,865457,7476780752500,147780.0,132600.0,116870.0,111820.0,0.797,52.06,True,False
20261007,KOSPI,194370,제이에스코퍼레이션,12000,34617,348201096000,12458.0,12645.0,12735.5,12696.833,0.796,-8.397,False,False
20261007,KOSDAQ,047310,파워로직스,3255,75383,119168007525,3236.0,3183.0,3103.75,3024.917,0.789,7.249,True,False
20261007,KOSPI,069260,TKG휴켐스,15840,40989,647516833920,15862.0,16060.0,16236.5,15866.5,0.789,-2.941,False,False
20261007,KOSPI,079430,현대리바트,5570,9540,112036105140,5568.0,5594.0,5723.0,5793.333,0.789,-6.856,False,False
20261007,KOSDAQ,045100,한양이엔지,33600,64361,588000000000,34090.0,33025.0,31547.5,30849.167,0.787,12.563,True,False
20261007,KOSDAQ,051370,인터플렉스,7120,198144,166091600640,7174.0,7038.0,6639.5,6579.167,0.787,12.126,True,False
20261007,KOSPI,091810,트리니티항공,2610,46974,266496897510,2598.0,2598.5,2652.75,1474.533,0.787,-6.786,False,False
20261007,KOSDAQ,127120,제이에스링크,27850,173364,1038608852450,29560.0,30860.0,31307.5,33757.5,0.787,-17.113,False,False
20261007,KOSPI,037560,LG헬로비전,1560,70264,120817109400,1543.2,1548.1,1583.1,1604.183,0.786,-4.878,False,False
20261007,KOSDAQ,124500,아이티센글로벌,27950,216907,648566529650,29060.0,29245.0,30207.5,27766.0,0.785,-21.599,False,False
20261007,KOSDAQ,348210,넥스틴,38000,74772,398126190000,38180.0,35815.0,33650.0,33660.0,0.785,21.6,False,False
20261007,KOSPI,010690,화신,7550,94767,263649095500,7568.0,7504.0,7576.0,7886.5,0.784,-2.581,False,False
20261007,KOSPI,010955,S-Oil우,90300,23961,363180008100,86700.0,84710.0,79000.0,70788.333,0.784,25.591,True,False
20261007,KOSPI,089860,롯데렌탈,51300,59902,1862671604400,51100.0,50345.0,49705.0,44535.0,0.784,0.786,True,False
20261007,KOSPI,000490,대동,7480,105082,215624950200,7562.0,7598.0,7796.5,7425.667,0.783,-10.952,False,False
20261007,KOSDAQ,056080,유진로봇,12210,364856,466855284060,12308.0,12189.0,12152.5,12170.0,0.783,2.691,False,False
20261007,KOSDAQ,298380,에이비엘바이오,51100,285829,2860959359300,51420.0,51240.0,57540.0,69973.333,0.781,-28.431,False,False
20261007,KOSPI,330590,롯데리츠,4155,115894,1200665713020,4122.0,4111.5,4026.5,3823.917,0.78,5.86,True,False
20261007,KOSPI,036530,SNT홀딩스,44650,9458,727968509900,45300.0,45910.0,46447.5,47556.667,0.778,-1.107,False,False
20261007,KOSDAQ,214150,클래시스,30700,111355,2002734731300,30850.0,30795.0,31197.5,37163.333,0.778,-3.459,False,False
20261007,KOSPI,015360,INVENI,14610,10117,383512500000,14672.0,14617.0,14564.0,14272.667,0.775,3.764,True,False
20261007,KOSDAQ,086670,비엠티,18900,39414,187599226500,19116.0,19110.0,18021.5,16524.833,0.774,12.634,True,False
20261007,KOSDAQ,389260,대명에너지,13600,67394,243662020000,13420.0,13185.0,13155.0,13391.833,0.774,3.422,False,False
20261007,KOSDAQ,376900,로킷헬스케어,27900,115569,486723591000,27920.0,28185.0,28362.5,32900.833,0.773,9.843,False,False
20261007,KOSPI,009450,경동나비엔,61700,21841,898882126400,61260.0,61000.0,60530.0,63313.333,0.772,1.148,False,False
20261007,KOSDAQ,065350,신성델타테크,32500,69167,893228310000,32290.0,31650.0,31247.5,30041.667,0.772,5.178,True,False
20261007,KOSPI,000810,삼성화재,629000,67521,28083260517000,629800.0,641700.0,650250.0,643950.0,0.771,-5.128,False,False
20261007,KOSDAQ,178320,서진시스템,41300,863301,2631780095700,40880.0,37340.0,36420.0,36898.333,0.771,22.734,False,False
20261007,KOSDAQ,095660,네오위즈,18100,29062,391619907900,18062.0,17963.0,17884.5,18122.667,0.77,1.061,False,False
20261007,KOSPI,0220W0,한화머시너리앤서비스홀딩스,6010,2244215,507938365350,5734.0,5996.0,6313.0,,0.769,-10.432,False,False
20261007,KOSDAQ,123410,코리아에프티,5690,43811,158415654160,5874.0,5891.0,5834.0,5629.583,0.768,-2.735,False,False
20261007,KOSDAQ,086890,이수앱지스,4040,65000,164730959600,3910.0,3779.0,3647.75,3437.167,0.767,18.999,True,False
20261007,KOSPI,028260,삼성물산,336000,244418,54488307216000,342500.0,350450.0,357925.0,355408.333,0.766,-8.447,False,False
20261007,KOSDAQ,032580,피델릭스,7750,610110,256773496000,7726.0,7323.0,6197.0,4997.917,0.765,66.488,True,False
20261007,KOSDAQ,050890,쏠리드,10100,1245734,613640993400,10158.0,9815.0,9315.5,9305.0,0.765,18.545,True,False
20261007,KOSPI,096760,JW홀딩스,4230,51518,312702504660,4273.0,4298.0,4276.25,4048.667,0.763,1.196,False,False
20261007,KOSDAQ,006910,보성파워텍,7190,865479,353243434560,7302.0,7316.0,7366.0,6928.083,0.761,6.047,False,False
20261007,KOSPI,268280,미원에스씨,126300,981,631500000000,126560.0,129620.0,132050.0,125321.667,0.761,-3.366,False,False
20261007,KOSPI,443060,HD현대마린솔루션,220000,83814,9863361200000,231000.0,235350.0,233025.0,211000.0,0.761,4.513,False,False
20261007,KOSPI,025820,이구산업,4165,128698,139285930000,4245.0,4262.0,4307.0,4221.75,0.758,-2.687,False,False
20261007,KOSDAQ,440110,파두,82300,454907,4124137522100,85140.0,80960.0,73925.0,68025.0,0.758,22.288,True,False
20261007,KOSDAQ,396470,워트,7150,82693,115258000000,7150.0,6974.0,6801.5,6139.167,0.756,13.312,True,False
20261007,KOSPI,003070,코오롱글로벌,9080,6660,230849547720,9152.0,9192.0,9205.5,9266.0,0.755,-2.888,False,False
20261007,KOSDAQ,059120,아진엑스텍,7500,464261,137325495000,7718.0,7529.0,7279.0,6553.917,0.752,5.042,True,False
20261007,KOSPI,139480,이마트,71300,66690,1967581894700,71480.0,71870.0,73045.0,76261.667,0.752,-2.993,False,False
20261007,KOSDAQ,039840,디오,9900,44353,132816697200,9792.0,9676.0,10183.5,11398.333,0.751,-9.258,False,False
20261007,KOSDAQ,327260,RF머트리얼즈,53400,864956,960527587200,52470.0,50170.0,46370.0,39477.833,0.751,56.828,True,False
20261007,KOSDAQ,053700,삼보모터스,3940,72235,105260082580,3949.0,3906.0,3927.5,3976.417,0.75,-2.475,False,False
20261007,KOSPI,0126Z0,삼성에피스홀딩스,369000,26170,9181845081000,365000.0,348500.0,344125.0,369616.667,0.749,3.652,False,False
20261007,KOSDAQ,172670,에이엘티,14840,58960,132970243560,14398.0,13843.0,12631.0,10620.167,0.749,51.429,True,False
20261007,KOSPI,029780,삼성카드,41750,65945,4837108699250,41880.0,42380.0,43860.0,46170.833,0.747,-9.534,False,False
20261007,KOSDAQ,090710,휴림로봇,6280,940843,750830702120,6338.0,6313.0,6276.0,6572.5,0.746,0.159,False,False
20261007,KOSDAQ,215200,메가스터디교육,38000,25346,393878208000,37490.0,36990.0,35805.0,37362.5,0.745,7.649,False,False
20261007,KOSDAQ,035890,서희건설,2145,177507,445277409720,2184.0,2221.0,2287.75,2145.6,0.742,-7.742,False,False
20261007,KOSPI,000990,DB하이텍,134400,555063,5847016627200,138800.0,135550.0,124790.0,105511.667,0.738,49.499,True,False
20261007,KOSPI,004100,태양금속,3195,304079,117256500000,3183.0,3115.5,2993.0,2615.0,0.738,18.773,True,False
20261007,KOSDAQ,140410,메지온,67500,72963,2075554260000,70560.0,74570.0,73085.0,64373.333,0.737,3.846,False,False
20261007,KOSDAQ,143160,아이디스,15990,2459,171355076100,15982.0,15954.0,15997.5,15790.833,0.737,-0.683,False,False
20261007,KOSPI,003470,유안타증권,4255,181323,819853834010,4327.0,4379.5,4535.5,4531.0,0.733,-10.327,False,False
20261007,KOSDAQ,217270,넵튠,2430,34935,110940087510,2402.0,2389.0,2443.25,2399.917,0.733,1.25,False,False
20261007,KOSDAQ,491000,리브스메드,38250,155019,966014115750,36060.0,32960.0,32402.5,36384.167,0.733,10.87,False,False
20261007,KOSPI,004710,한솔테크닉스,11840,750975,628035241280,11756.0,11018.0,10034.5,8468.0,0.731,39.953,True,False
20261007,KOSPI,035000,HS애드,6390,131010,103566845160,6166.0,6191.0,6231.0,6343.167,0.73,-2.888,False,False
20261007,KOSDAQ,218410,RFHIC,58900,436868,1565293533800,60360.0,59420.0,55255.0,49970.0,0.73,21.946,True,False
20261007,KOSPI,005830,DB손해보험,186900,154047,12242015228100,184140.0,186200.0,187680.0,175815.0,0.729,-4.497,False,False
20261007,KOSDAQ,166090,하나머티리얼즈,61600,118379,1218304718400,62640.0,60290.0,56585.0,54846.667,0.729,23.447,True,False
20261007,KOSPI,300720,한일시멘트,16180,35728,1189961481620,16114.0,16184.0,16348.5,15387.667,0.729,-2.939,False,False
20261007,KOSPI,015590,DKME,2190,119748,116937914520,2318.0,2226.0,2076.15,1800.883,0.727,46.783,True,False
20261007,KOSDAQ,473980,노머스,10370,20295,112854138240,10264.0,10268.0,10658.5,10932.833,0.726,-12.71,False,False
20261007,KOSDAQ,309960,LB인베스트먼트,4335,29762,100646731065,4315.0,4312.5,4282.0,4292.917,0.725,2.361,False,False
20261007,KOSDAQ,474650,링크솔루션,26800,27540,154187957600,28110.0,27685.0,27102.5,24451.667,0.725,5.512,False,False
20261007,KOSDAQ,078350,한양디지텍,36400,369710,554895504800,35340.0,31635.0,25454.5,22199.5,0.723,94.03,True,False
20261007,KOSPI,027970,한국제지,2700,12258,102681388800,2701.0,2714.0,2727.25,1822.267,0.722,-1.46,False,False
20261007,KOSDAQ,265520,AP시스템,20050,30743,301768961050,20238.0,19652.0,19111.0,19271.0,0.722,6.479,False,False
20261007,KOSDAQ,027360,아주IB투자,3630,2712751,439757823780,3842.0,3888.0,3648.25,3469.083,0.721,13.972,False,False
20261007,KOSPI,900140,엘브이엠씨홀딩스,1169,277389,225898065008,1188.6,1166.4,1163.7,1205.117,0.721,-3.148,False,False
20261007,KOSDAQ,200470,에이팩트,9990,767367,437797324440,9960.0,8981.0,7693.5,6204.333,0.72,60.096,True,False
20261007,KOSDAQ,253450,스튜디오드래곤,20700,29857,622210908600,20440.0,20485.0,20935.0,21561.0,0.72,-4.388,False,False
20261007,KOSPI,120030,조선선재,81900,240,103001616900,82500.0,82960.0,83410.0,83980.0,0.719,-2.267,False,False
20261007,KOSPI,00088K,한화3우B,37250,19566,546703834250,38680.0,39340.0,40550.0,35064.167,0.718,-9.587,False,False
20261007,KOSDAQ,008830,대동기어,6360,201003,121996985760,6398.0,6321.0,6325.5,7075.833,0.717,0.633,False,False
20261007,KOSPI,293480,하나제약,8480,10293,150714582080,8366.0,8285.0,8328.5,8502.833,0.717,-0.469,False,False
20261007,KOSPI,012330,현대모비스,373500,188601,33547988497500,377200.0,373900.0,388600.0,449675.0,0.716,-11.493,False,False
20261007,KOSPI,001820,삼화콘덴서,159700,776066,1660081500000,156580.0,152570.0,141565.0,107893.333,0.715,45.446,True,False
20261007,KOSPI,011200,HMM,21400,549943,20185292558000,21270.0,21170.0,21032.5,21017.0,0.715,1.663,True,False
20261007,KOSDAQ,306620,지아이에스,2125,264917,101877141000,2146.0,2090.2,1971.05,1813.3,0.715,16.63,True,False
20261007,KOSDAQ,310210,보로노이,146800,56854,2732911448400,146200.0,144970.0,144875.0,149045.0,0.715,-4.052,False,False
20261007,KOSDAQ,032190,다우데이타,18930,37458,725019000000,19104.0,19414.0,19748.0,19312.833,0.714,-5.35,False,False
20261007,KOSDAQ,114840,아이패밀리에스씨,8360,19875,139456378600,8324.0,8316.0,8494.0,8621.333,0.714,-9.914,False,False
20261007,KOSPI,489790,한화비전,49400,123637,2494126466000,50880.0,49215.0,48077.5,47541.667,0.713,0.0,True,False
20261007,KOSPI,272550,삼양패키징,9850,8462,148423799100,9858.0,9795.0,9818.5,9501.5,0.711,-0.304,False,False
20261007,KOSPI,004000,롯데정밀화학,42700,34365,1101660000000,42830.0,43315.0,44480.0,45501.667,0.71,-6.565,False,False
20261007,KOSPI,016710,대성홀딩스,6870,8775,110534583330,6882.0,6941.0,6973.5,6930.0,0.71,0.0,False,False
20261007,KOSDAQ,290550,디케이티,23600,287352,472029028000,23090.0,22555.0,19695.5,18914.167,0.71,40.476,True,False
20261007,KOSPI,005935,삼성전자우,198000,2726097,158869498194000,199380.0,204740.0,199685.0,188261.667,0.709,3.34,False,False
20261007,KOSPI,105840,우진,12970,321321,261963779900,13400.0,13674.0,14231.5,13854.667,0.709,0.543,False,False
20261007,KOSPI,035250,강원랜드,14330,154726,3065767365000,14292.0,14336.0,14506.5,14501.333,0.708,-2.847,False,False
20261007,KOSPI,004970,신라교역,8930,7463,142880000000,9026.0,9018.0,9124.5,9226.333,0.707,-2.511,False,False
20261007,KOSDAQ,049430,코메론,21900,24991,198151200000,22220.0,22450.0,22470.0,20871.667,0.706,-2.45,False,False
20261007,KOSDAQ,052330,코텍,10460,9516,185786220940,10428.0,10454.0,10866.5,11596.0,0.706,-11.356,False,False
20261007,KOSDAQ,0015N0,아로마티카,10870,781852,136711142140,10468.0,11018.0,11292.5,8700.417,0.703,7.411,False,False
20261007,KOSPI,395400,SK리츠,5320,145402,1601413738400,5284.0,5295.0,5264.5,5486.833,0.703,-1.115,False,False
20261007,KOSPI,047050,포스코인터내셔널,57200,380369,10062783473600,56660.0,56440.0,56390.0,54080.833,0.702,4.57,True,False
20261007,KOSDAQ,067310,하나마이크론,50700,1405683,3371087058300,50710.0,48265.0,41935.0,37125.833,0.701,45.481,True,False
20261007,KOSDAQ,173130,오파스넷,7910,80255,103197601430,7758.0,7593.0,7105.0,6288.167,0.701,38.287,True,False
20261007,KOSPI,030200,KT,51300,181517,12928712440500,51760.0,52350.0,52795.0,53073.333,0.699,-5.525,False,False
20261007,KOSDAQ,417840,저스템,18800,735545,431397602800,18804.0,17645.0,16092.0,13214.333,0.699,24.421,True,False
20261007,KOSDAQ,290740,액트로,11310,46336,113835274410,11324.0,11809.0,12197.0,9617.0,0.698,-4.958,False,False
20261007,KOSPI,112610,씨에스윈드,57200,260590,2412204251600,55120.0,52980.0,52147.5,46204.167,0.697,21.832,True,False
20261007,KOSPI,271560,오리온,106100,73373,4194004406800,106180.0,108610.0,112865.0,124605.0,0.696,-15.994,False,False
20261007,KOSPI,001450,현대해상,48100,288204,4100440825000,47570.0,48125.0,49012.5,45087.5,0.695,-5.871,False,False
20261007,KOSPI,005300,롯데칠성,95300,8498,884277645200,95120.0,95260.0,95990.0,98320.0,0.695,-3.052,False,False
20261007,KOSDAQ,121600,나노신소재,62600,53741,767613156600,59760.0,56380.0,52975.0,48045.0,0.695,33.191,True,False
20261007,KOSDAQ,439960,코스모로보틱스,7010,1701063,227478888260,7762.0,9537.0,10687.5,13198.5,0.693,-44.585,False,False
20261007,KOSPI,009160,SIMPAC,4915,39561,321298307720,4947.0,4848.0,4797.5,4842.417,0.691,-0.907,False,False
20261007,KOSDAQ,067280,멀티캠퍼스,26150,6672,154985270850,26190.0,25770.0,24617.5,24262.5,0.691,9.186,True,False
20261007,KOSDAQ,099190,아이센스,16700,25220,493879337100,16668.0,16305.0,16358.0,16798.667,0.691,1.396,False,False
20261007,KOSDAQ,402030,코난테크놀로지,12790,12141,160098671520,12822.0,12867.0,13065.0,13254.333,0.691,-7.049,False,False
20261007,KOSPI,000210,DL,49250,36088,1032077287000,49140.0,50230.0,52325.0,49705.0,0.69,-8.116,False,False
20261007,KOSPI,071320,지역난방공사,79000,8613,914720776000,78860.0,78680.0,76770.0,71896.667,0.689,4.497,True,False
20261007,KOSPI,093370,후성,15270,3140613,1637788889100,15732.0,14823.0,14345.5,12281.833,0.689,22.16,True,False
20261007,KOSDAQ,122870,와이지엔터테인먼트,41500,76243,775678533500,41400.0,42195.0,42947.5,41129.167,0.689,-1.073,False,False
20261007,KOSPI,018470,조일알미늄,5300,60455,134229623200,5244.0,5206.0,4266.6,2073.283,0.686,444.707,True,False
20261007,KOSPI,002710,TCC스틸,14310,429198,375118004070,14146.0,12815.0,12185.0,10558.5,0.683,27.996,True,False
20261007,KOSDAQ,149950,아바텍,12620,132626,172486411860,12430.0,12345.0,11270.0,9578.167,0.683,38.834,True,False
20261007,KOSPI,001080,만호제강,3865,34286,135719320400,3924.0,3845.0,3874.75,3998.583,0.682,-3.616,False,False
20261007,KOSDAQ,039830,오로라,15100,35405,162519639000,15454.0,15671.0,15089.0,18041.167,0.68,-1.113,False,False
20261007,KOSPI,055550,신한지주,103300,666867,48494209688700,104320.0,107900.0,110110.0,107233.333,0.677,-6.346,False,False
20261007,KOSPI,022100,포스코DX,21050,201348,3200331045450,20842.0,20491.0,21058.0,20375.0,0.676,-2.771,False,False
20261007,KOSPI,051600,한전KPS,44400,95637,1998000000000,44510.0,45285.0,46540.0,45645.0,0.676,-3.057,False,False
20261007,KOSPI,000155,두산우,460000,6795,1838372520000,465000.0,472200.0,456575.0,433291.667,0.675,14.57,False,False
20261007,KOSDAQ,067160,SOOP,36400,21214,407257468800,36460.0,36610.0,36952.5,41106.667,0.669,-4.336,False,False
20261007,KOSPI,001500,현대차증권,7680,42752,474877777920,7764.0,7812.0,7902.5,7891.667,0.668,-3.03,False,False
20261007,KOSDAQ,032500,케이엠더블유,20000,188904,843834020000,20048.0,19615.0,17996.5,16278.333,0.668,36.519,True,False
20261007,KOSDAQ,023160,태광,26700,147534,690655361400,27520.0,27345.0,27215.0,24388.333,0.666,2.103,False,False
20261007,KOSDAQ,027710,팜스토리,1107,156369,123338176200,1106.8,1114.4,1128.15,1087.933,0.666,-3.065,False,False
20261007,KOSPI,009830,한화솔루션,36150,2094828,8129865176400,35480.0,32750.0,30985.0,30801.667,0.665,20.3,True,False
20261007,KOSPI,068270,셀트리온,183500,254258,42685251796000,181960.0,180430.0,180450.0,184601.667,0.664,-2.446,False,False
20261007,KOSPI,036460,한국가스공사,36400,115116,3360193200000,35680.0,35635.0,35907.5,35301.667,0.663,3.704,False,False
20261007,KOSDAQ,161580,필옵틱스,41700,362258,977541699900,40930.0,37445.0,35037.5,29568.333,0.661,61.628,True,False
20261007,KOSPI,032640,LG유플러스,14500,576463,6154202114000,14536.0,14595.0,14687.5,14776.5,0.66,-1.762,False,False
20261007,KOSDAQ,036170,에이치엠넥스,3200,192420,196370003200,3000.0,2855.5,2628.25,2604.083,0.66,39.738,True,False
20261007,KOSDAQ,051360,토비스,11680,8239,109331948160,11806.0,11834.0,11787.5,12364.5,0.66,-2.178,False,False
20261007,KOSDAQ,069510,에스텍,13510,3245,147394100000,13276.0,13204.0,13078.0,12701.833,0.66,4.324,True,False
20261007,KOSPI,086790,하나금융지주,128900,440431,34928021399000,129000.0,132040.0,134445.0,132015.0,0.66,-4.021,False,False
20261007,KOSPI,460860,동국제강,9670,211412,479709524390,9748.0,9704.0,9971.5,9569.833,0.658,-7.992,False,False
20261007,KOSPI,000150,두산,1399000,61307,22655175165000,1392000.0,1418100.0,1372950.0,1249216.667,0.657,22.504,False,False
20261007,KOSDAQ,214180,헥토이노베이션,14240,31659,185025546080,13998.0,13984.0,14068.0,14118.0,0.657,-5.256,False,False
20261007,KOSDAQ,014620,성광벤드,29400,126029,780786501600,30320.0,30865.0,32020.0,28631.667,0.656,-4.7,False,False
20261007,KOSPI,339770,교촌에프앤비,3920,20036,195863113600,3873.0,3844.0,3832.75,3764.417,0.656,3.158,True,False
20261007,KOSPI,001940,KISCO홀딩스,25250,3936,357953595000,25480.0,26065.0,26130.0,26498.333,0.655,-7.169,False,False
20261007,KOSDAQ,013120,동원개발,2080,39981,188880848000,2091.0,2088.0,2110.75,2173.583,0.655,-3.926,False,False
20261007,KOSDAQ,126340,비나텍,94700,103143,679985205800,93940.0,89000.0,79095.0,68687.5,0.655,59.428,True,False
20261007,KOSDAQ,255440,야스,8630,48367,112690540000,8530.0,8002.0,7404.5,7128.917,0.655,20.363,True,False
20261007,KOSDAQ,101970,우양에이치씨,10090,3394,149231190810,9770.0,9662.0,9846.5,9962.333,0.652,1.102,False,False
20261007,KOSDAQ,328130,루닛,11170,569886,831697870600,10970.0,10808.0,9684.5,9722.667,0.652,24.111,False,False
20261007,KOSPI,013890,지누스,6780,10166,148657012140,6836.0,7038.0,7340.5,7903.0,0.651,-12.403,False,False
20261007,KOSPI,017550,수산세보틱스,1835,118875,114502403550,1847.0,1834.7,1843.3,1775.967,0.651,-3.064,False,False
20261007,KOSDAQ,460930,현대힘스,12820,71530,455246802220,12988.0,12964.0,13200.5,13457.0,0.651,-3.318,False,False
20261007,KOSPI,037710,광주신세계,33650,11132,256654337800,33880.0,34225.0,34757.5,37529.167,0.65,-5.078,False,False
20261007,KOSDAQ,196170,알테오젠,257000,235563,17901369181000,259200.0,255650.0,261350.0,289691.667,0.65,-10.919,False,False
20261007,KOSDAQ,321550,티움바이오,4725,97026,141931794375,4670.0,4591.0,4597.0,4366.0,0.65,8.124,False,False
20261007,KOSDAQ,015750,성우하이텍,5920,111465,473600000000,5886.0,5852.0,5933.0,5889.833,0.649,-0.838,False,False
20261007,KOSPI,015760,한국전력,30050,888594,19291020513850,30100.0,30325.0,31280.0,32962.5,0.649,-6.532,False,False
20261007,KOSDAQ,060720,KH바텍,11630,61073,275368650460,11394.0,11190.0,11047.5,10557.167,0.648,6.795,True,False
20261007,KOSPI,000680,LS네트웍스,2955,33122,232862912280,2953.0,2942.5,2949.25,2929.083,0.647,-2.475,False,False
20261007,KOSPI,004370,농심,400000,15072,2433056800000,400800.0,398850.0,403650.0,399041.667,0.646,-6.977,False,False
20261007,KOSPI,241590,화승엔터프라이즈,2675,25278,162076313300,2674.0,2698.5,2763.5,2976.167,0.646,-7.118,False,False
20261007,KOSDAQ,159010,아스플로,32600,114770,434712491400,31670.0,29270.0,25985.0,20833.667,0.644,28.346,True,False
20261007,KOSDAQ,357550,석경에이티,32500,1515,177287500000,31970.0,31275.0,31600.0,33485.0,0.644,-1.216,False,False
20261007,KOSDAQ,228760,지노믹트리,11940,66124,296818871880,12274.0,11682.0,11067.5,11657.333,0.643,12.008,False,False
20261007,KOSPI,001040,CJ,131900,67395,3848446036200,131840.0,131940.0,131235.0,132068.333,0.642,0.381,False,False
20261007,KOSPI,003960,사조대림,27250,1821,249731725750,27330.0,27065.0,27887.5,29545.0,0.642,-11.526,False,False
20261007,KOSPI,298050,HS효성첨단소재,162700,4974,728887539600,162900.0,162180.0,166015.0,164408.333,0.642,-5.845,False,False
20261007,KOSDAQ,036890,진성티이씨,11230,39089,247426356290,11410.0,11647.0,12096.0,12918.167,0.641,-14.795,False,False
20261007,KOSDAQ,125210,아모그린텍,6380,157626,105249520200,6436.0,6274.0,6030.0,5807.917,0.641,16.85,True,False
20261007,KOSPI,007860,서연,7490,14892,175864031560,7640.0,7522.0,7536.0,7682.667,0.639,-3.479,False,False
20261007,KOSDAQ,025320,시노펙스,3990,191233,367960804470,3943.0,3869.0,3853.25,3878.417,0.639,3.502,False,False
20261007,KOSPI,000720,현대건설,110900,445459,12349354338500,114580.0,119250.0,124060.0,113295.0,0.638,-7.352,False,False
20261007,KOSPI,069620,대웅제약,110400,10061,1279157880000,108920.0,108350.0,110275.0,119290.0,0.638,-4.91,False,False
20261007,KOSDAQ,018000,유니슨,1174,920274,342704778398,1151.0,1189.8,1212.2,1029.433,0.637,-5.323,False,False
20261007,KOSPI,004960,한신공영,10920,14276,126352065840,10910.0,10977.0,11422.5,10992.167,0.636,-12.988,False,False
20261007,KOSDAQ,475230,엔알비,9570,58140,104300396310,9738.0,9916.0,10178.0,8841.5,0.636,-3.819,False,False
20261007,KOSDAQ,007390,네이처셀,24700,110688,1591545883200,24690.0,24775.0,24835.0,24140.0,0.635,3.132,False,False
20261007,KOSDAQ,036200,유니셈,10720,176471,328720470560,10724.0,10177.0,9598.5,8763.167,0.635,20.314,True,False
20261007,KOSDAQ,059210,메타바이오메드,3740,44148,101621204300,3689.0,3683.5,3758.0,3846.917,0.635,-3.234,False,False
20261007,KOSPI,017810,풀무원,8740,13910,333173537080,8708.0,8739.0,8961.5,9121.5,0.634,-8.29,False,False
20261007,KOSDAQ,052400,코나아이,35950,38888,523550311450,37260.0,37550.0,37182.5,39173.333,0.633,-4.894,False,False
20261007,KOSDAQ,204610,티쓰리,2840,57070,158262464800,2881.0,2916.0,3042.25,3113.417,0.633,-13.939,False,False
20261007,KOSDAQ,059090,미코,22850,250668,763573377300,23520.0,22633.0,21136.0,18128.5,0.632,26.523,True,False
20261007,KOSDAQ,071200,인피니트헬스케어,11430,124208,278851514940,11712.0,11850.0,11278.5,9865.667,0.632,18.079,False,False
20261007,KOSDAQ,086900,메디톡스,67500,9953,492648547500,67100.0,67410.0,68040.0,70678.333,0.632,-3.017,False,False
20261007,KOSDAQ,308430,셀비온,14160,21375,182738354160,14252.0,14338.0,13664.0,13308.167,0.631,11.059,False,False
20261007,KOSDAQ,091700,파트론,5190,51677,259500000000,5202.0,5209.0,5281.0,5497.5,0.63,-3.711,False,False
20261007,KOSDAQ,287840,인투셀,18240,19613,274000550400,18054.0,17589.0,17253.5,18844.833,0.63,-0.11,False,False
20261007,KOSDAQ,290690,아리바이오홀딩스,3200,618140,169832976000,3183.0,3563.0,3825.75,4093.667,0.629,-22.33,False,False
20261007,KOSDAQ,278280,천보,38450,17233,471128811250,37710.0,36390.0,37362.5,36215.0,0.628,-3.149,False,False
20261007,KOSPI,326030,SK바이오팜,76000,68396,5951807000000,75900.0,76100.0,78405.0,81556.667,0.628,-12.24,False,False
20261007,KOSDAQ,183300,코미코,33050,357644,1697556238750,34180.0,32950.0,30402.5,44563.333,0.627,31.673,False,False
20261007,KOSDAQ,241770,메카로,39050,12136,398022592000,40740.0,40755.0,40360.0,37385.833,0.627,4.272,False,False
20261007,KOSDAQ,118990,모트렉스,6190,48665,151886326490,6354.0,6530.0,6468.0,5801.917,0.626,-5.352,False,False
20261007,KOSDAQ,035760,CJ ENM,35250,49768,773002678500,35460.0,37040.0,36382.5,33650.0,0.625,6.657,False,False
20261007,KOSPI,092220,KEC,3090,442964,124071620520,3176.0,3146.5,2926.25,2740.083,0.624,18.846,True,False
20261007,KOSDAQ,481070,에이유브랜즈,14330,8689,205804594000,14294.0,14885.0,15275.0,16847.0,0.624,-17.454,False,False
20261007,KOSPI,002420,우양피앤엘,5690,9110,177345259960,5954.0,6057.0,5864.0,5645.0,0.623,-1.557,False,False
20261007,KOSDAQ,432720,퀄리타스반도체,11770,166037,166987722440,11832.0,11259.0,10399.0,9056.333,0.623,37.984,True,False
20261007,KOSDAQ,437730,삼현,50600,357892,1604402890200,50990.0,51505.0,46912.5,38356.667,0.622,55.453,False,False
20261007,KOSDAQ,282880,코윈로보틱스,11110,27735,129921251020,11104.0,10963.0,10649.0,9999.5,0.621,7.864,True,False
20261007,KOSPI,120110,코오롱인더,56000,117073,1676977792000,56020.0,55750.0,55620.0,54409.167,0.62,0.358,False,False
20261007,KOSDAQ,323990,박셀바이오,4370,89088,101634597650,4315.0,4299.5,4366.25,4216.333,0.62,-4.585,False,False
20261007,KOSDAQ,046440,KG파이낸셜,4020,25960,145726551720,4028.0,4044.5,4108.0,4078.167,0.618,-5.189,False,False
20261007,KOSPI,003530,한화투자증권,4450,922489,954737598750,4560.0,4587.0,4670.25,4572.5,0.617,-12.745,False,False
20261007,KOSPI,082740,한화엔진,45300,479483,3780155532600,47770.0,47980.0,48495.0,46332.5,0.617,-0.658,False,False
20261007,KOSDAQ,033790,피노,9880,1484285,849807975640,9642.0,8762.0,8344.5,6888.25,0.616,-3.137,True,False
20261007,KOSDAQ,230240,에치에프알,13900,121641,184995100000,13958.0,13746.0,12910.0,14140.5,0.616,16.415,False,False
20261007,KOSPI,010060,OCI홀딩스,240000,165142,4480855680000,233100.0,219550.0,215900.0,229345.0,0.613,5.495,False,False
20261007,KOSDAQ,041510,에스엠,79000,78309,1808680510000,79120.0,80950.0,82105.0,75890.0,0.613,0.0,False,False
20261007,KOSDAQ,064820,케이프,7890,21795,243487096350,7870.0,7784.0,7804.0,8117.0,0.613,4.92,False,False
20261007,KOSPI,136490,선진,10240,39667,243503144960,10082.0,10166.0,10404.0,10174.333,0.611,-6.824,False,False
20261007,KOSPI,006040,동원산업,35150,18057,1551549787850,35300.0,35425.0,36265.0,36220.833,0.61,-7.743,False,False
20261007,KOSDAQ,394800,쓰리빌리언,5860,569014,186480160580,6234.0,6029.0,5237.25,5456.583,0.61,21.2,False,False
20261007,KOSDAQ,264850,이랜시스,5820,334237,176314641840,5816.0,5732.0,5739.5,5487.25,0.609,3.375,False,False
20261007,KOSDAQ,297890,HB솔루션,1615,160312,118122576110,1634.8,1605.6,1631.2,1665.283,0.609,-3.235,False,False
20261007,KOSDAQ,078020,LS증권,6470,25383,358963299300,6508.0,6543.0,6567.5,6520.667,0.608,-4.006,False,False
20261007,KOSPI,078935,GS우,60000,3174,106780560000,59040.0,59240.0,60365.0,59658.333,0.608,-4.459,False,False
20261007,KOSDAQ,054920,한컴위드,5270,1886401,148704016870,5057.0,4915.0,4614.75,3914.583,0.607,40.721,True,False
20261007,KOSDAQ,064290,인텍플러스,58500,260955,760405113000,57960.0,56190.0,51142.5,39292.5,0.606,45.704,True,False
20261007,KOSPI,001530,DI동일,25450,16179,527212554450,25450.0,25480.0,26340.0,25150.0,0.605,-7.79,False,False
20261007,KOSDAQ,308080,바이젠셀,5900,71380,120945634000,5826.0,5731.0,6029.0,5722.917,0.604,-10.334,False,False
20261007,KOSDAQ,270660,에브리봇,13660,16158,173353363780,13586.0,13520.0,13639.0,13420.833,0.602,-3.871,False,False
20261007,KOSDAQ,046890,서울반도체,10400,157614,606376160000,10694.0,10525.0,10161.5,9577.167,0.601,8.559,True,False
20261007,KOSPI,090460,비에이치,22200,638356,748396143600,21340.0,20742.0,20268.0,18172.0,0.601,1.602,True,False
20261007,KOSDAQ,049720,고려신용정보,9090,10469,129987000000,9106.0,9112.0,9092.0,9269.0,0.6,0.0,False,False
20261007,KOSDAQ,083650,비에이치아이,57200,259369,1770018250000,59040.0,59950.0,62845.0,55382.5,0.6,-4.667,False,False
20261007,KOSDAQ,0082N0,카나프테라퓨틱스,13140,42960,174769621200,12776.0,12407.0,12703.5,13356.167,0.599,-15.769,False,False
20261007,KOSPI,032830,삼성생명,281000,171805,56200000000000,284200.0,288400.0,292775.0,299375.0,0.599,-5.546,False,False
20261007,KOSPI,015230,대창단조,6500,38125,176433530000,6484.0,6543.0,6634.0,6179.667,0.598,-0.307,False,False
20261007,KOSDAQ,119850,지엔씨에너지,51700,397129,850408595300,54040.0,54430.0,51737.5,46010.833,0.596,15.145,False,False
20261007,KOSDAQ,476060,온코닉테라퓨틱스,15510,157586,704275598400,15618.0,15431.0,15361.0,14105.167,0.596,-5.657,False,False
20261007,KOSDAQ,093320,케이아이엔엑스,131000,6491,639280000000,127660.0,132070.0,135955.0,138425.0,0.595,-4.1,False,False
20261007,KOSDAQ,388050,지투파워,10250,980686,191771729250,10188.0,10197.0,10438.0,8861.667,0.595,4.592,False,False
20261007,KOSDAQ,277810,레인보우로보틱스,447000,40516,8671736526000,443900.0,436800.0,436075.0,445008.333,0.593,-2.614,False,False
20261007,KOSPI,293940,신한알파리츠,5530,56492,668798880190,5560.0,5560.0,5477.5,5351.333,0.593,3.364,False,False
20261007,KOSPI,008970,KBI동양철관,1414,2453053,146726406498,1427.6,1290.0,1231.75,1139.733,0.592,24.253,True,False
20261007,KOSPI,161390,한국타이어앤테크놀로지,60700,150448,7519216688300,59780.0,59200.0,60335.0,65916.667,0.592,-7.187,False,False
20261007,KOSPI,094800,맵스리얼티,7500,81826,696257482500,7770.0,7787.0,7640.5,6914.5,0.591,4.312,False,False
20261007,KOSPI,138040,메리츠금융지주,130400,112836,21822084399200,128520.0,129310.0,128760.0,123006.667,0.591,-3.764,False,False
20261007,KOSPI,095570,AJ네트웍스,4285,41462,193908072315,4265.0,4253.5,4206.5,4286.667,0.59,0.824,False,False
20261007,KOSDAQ,086980,쇼박스,1724,43052,107643112000,1736.2,1765.9,1835.75,1955.8,0.588,-11.59,False,False
20261007,KOSDAQ,123860,아나패스,12730,6674,154331072950,12982.0,13130.0,13345.0,13246.667,0.588,-6.74,False,False
20261007,KOSDAQ,034810,해성산업,5870,5854,185375492240,5930.0,5944.0,5975.0,6126.0,0.587,-4.241,False,False
20261007,KOSPI,451800,한화리츠,5340,42850,959064000000,5348.0,5361.0,5327.0,5183.917,0.587,0.565,False,False
20261007,KOSPI,016880,웅진,1813,55865,144907796040,1819.2,1822.4,1846.1,1974.133,0.586,-7.5,False,False
20261007,KOSPI,003030,세아제강지주,107000,11828,443157299000,112700.0,109760.0,107830.0,105318.333,0.585,3.883,False,False
20261007,KOSDAQ,051500,CJ프레시웨이,21850,3490,259394154100,21760.0,21760.0,22277.5,22951.667,0.585,-7.806,False,False
20261007,KOSDAQ,461300,아이스크림미디어,17700,13121,236010614100,18028.0,18334.0,18629.5,17679.333,0.585,-9.417,False,False
20261007,KOSDAQ,466100,클로봇,23000,150426,711935997000,23280.0,23060.0,23240.0,25337.5,0.584,-6.694,False,False
20261007,KOSPI,021240,코웨이,102200,116501,7232430937200,100660.0,100550.0,100510.0,96671.667,0.582,2.817,True,False
20261007,KOSDAQ,319400,현대무벡스,20150,608851,2244227185850,20600.0,20790.0,21265.0,22163.667,0.581,-8.617,False,False
20261007,KOSDAQ,453450,그리드위즈,12990,10174,103176322500,13034.0,12805.0,12840.5,13589.0,0.581,0.854,False,False
20261007,KOSPI,003570,SNT다이내믹스,30550,59777,1015869893350,31070.0,29680.0,29010.0,30772.5,0.58,8.333,False,False
20261007,KOSPI,005950,이수화학,11450,184013,301068235050,11450.0,11043.0,11214.5,12416.5,0.58,-2.801,False,False
20261007,KOSDAQ,036710,심텍홀딩스,5080,214475,268364990320,4919.0,4652.0,4322.75,3895.333,0.58,30.256,True,False
20261007,KOSDAQ,079370,제우스,14070,297307,436409049300,14048.0,13138.0,11713.0,10154.667,0.58,39.307,True,False
20261007,KOSDAQ,160190,하이젠알앤엠,33800,263362,1044014400000,30670.0,29940.0,26512.5,20312.0,0.58,76.225,True,False
20261007,KOSDAQ,082920,비츠로셀,29550,184510,1333871545350,29310.0,28955.0,28582.5,29582.5,0.578,-0.839,False,False
20261007,KOSDAQ,100590,머큐리,5950,1216242,101980292750,5592.0,5236.5,4846.25,3884.75,0.578,75.0,True,False
20261007,KOSPI,001720,신영증권,139600,4866,2295024000000,140180.0,140220.0,142890.0,147675.0,0.575,-5.676,False,False
20261007,KOSPI,002900,TYM,6630,113699,274482000000,6486.0,6552.0,6732.5,6664.0,0.575,-11.835,False,False
20261007,KOSPI,016610,DB증권,10150,31240,430830848350,10336.0,10321.0,10224.0,9571.667,0.575,2.01,False,False
20261007,KOSDAQ,200670,휴메딕스,25950,15862,291416683500,25670.0,25115.0,25372.5,25662.5,0.575,0.387,False,False
20261007,KOSDAQ,053030,바이넥스,6510,33953,212774063880,6450.0,6304.0,6389.0,6687.167,0.573,-3.982,False,False
20261007,KOSPI,105560,KB금융,168500,531894,59764883179000,167520.0,171170.0,173640.0,171878.333,0.573,-2.035,False,False
20261007,KOSPI,227840,현대코퍼레이션홀딩스,12670,4313,115307592120,12752.0,12819.0,12904.5,12675.333,0.572,-4.593,False,False
20261007,KOSDAQ,089980,상아프론테크,16340,26083,261260864580,16420.0,16044.0,15602.0,14540.833,0.571,8.788,True,False
20261007,KOSDAQ,036800,나이스정보통신,8180,79607,372190000000,8102.0,7858.0,7836.5,16773.0,0.569,12.517,False,False
20261007,KOSDAQ,211050,인카금융서비스,9930,39604,489188114010,9742.0,9858.0,10226.5,10327.833,0.569,-6.761,False,False
20261007,KOSPI,009470,삼화전기,26950,39741,178242449000,27130.0,26755.0,25610.0,23881.0,0.567,18.202,True,False
20261007,KOSPI,014820,동원시스템즈,21650,13793,627661255300,21430.0,21225.0,21312.5,21036.667,0.567,-0.23,False,False
20261007,KOSPI,317450,명인제약,43350,6127,632910000000,43480.0,42825.0,43142.5,43875.0,0.567,-2.912,False,False
20261007,KOSDAQ,365270,큐라클,10050,29604,222677769600,10210.0,9847.0,9660.0,9779.667,0.567,0.0,False,False
20261007,KOSPI,016590,신대양제지,9010,4606,363083358200,9170.0,9404.0,9780.0,9860.333,0.565,-14.19,False,False
20261007,KOSPI,280360,롯데웰푸드,122700,10328,1129401229800,121240.0,123330.0,130215.0,122030.0,0.565,-15.67,False,False
20261007,KOSDAQ,056090,시지메드텍,6100,143335,125976022700,2172.0,1681.0,1434.1,1186.333,0.563,423.605,True,False
20261007,KOSPI,475150,SK이터닉스,49100,481943,1672689896400,49600.0,50060.0,50467.5,52693.333,0.563,-5.577,False,False
20261007,KOSDAQ,358570,지아이이노베이션,8910,192027,574837613460,8858.0,8787.0,8774.0,8230.0,0.562,10.136,True,False
20261007,KOSPI,002380,KCC,467500,12569,4017178880000,472100.0,472050.0,477075.0,450675.0,0.56,-3.008,False,False
20261007,KOSPI,005690,파미셀,13020,898263,781252262280,12670.0,12519.0,11841.5,11267.333,0.56,24.0,True,False
20261007,KOSDAQ,052710,아모텍,21800,673380,407241440000,21042.0,19838.0,16961.0,14676.333,0.559,93.091,True,False
20261007,KOSPI,060980,HL홀딩스,37600,6646,336758647200,38020.0,38650.0,39277.5,38975.0,0.557,-6.351,False,False
20261007,KOSDAQ,138610,나이벡,16070,20787,182680433510,16126.0,15674.0,15117.5,15275.333,0.557,6.003,False,False
20261007,KOSPI,267850,아시아나IDT,9330,6887,103563000000,9270.0,9208.0,9214.5,9269.0,0.557,0.865,False,False
20261007,KOSDAQ,038540,상상인,1958,27925,108332836854,1914.2,1905.9,1936.8,2002.3,0.556,-6.539,False,False
20261007,KOSPI,003547,대신증권2우B,19180,5754,184255853880,19218.0,19318.0,19462.5,19368.667,0.555,-1.742,False,False
20261007,KOSDAQ,293580,나우IB,1285,315183,121984985750,1281.2,1270.3,1289.25,1359.8,0.554,-11.134,False,False
20261007,KOSDAQ,145020,휴젤,183600,32479,2297785762800,181100.0,185830.0,209315.0,234321.667,0.553,-24.754,False,False
20261007,KOSPI,000240,한국앤컴퍼니,25550,34972,2425595382000,25300.0,25045.0,24770.0,24841.667,0.552,4.073,False,False
20261007,KOSDAQ,388720,유일로보틱스,69500,18234,818803477500,69800.0,69050.0,68525.0,66961.667,0.552,6.923,True,False
20261007,KOSPI,020000,한섬,21700,91828,466050769800,21500.0,20642.0,18236.5,18080.5,0.551,40.0,True,False
20261007,KOSDAQ,143240,사람인,17560,5705,188466756360,17458.0,17425.0,17278.0,16868.667,0.551,3.66,True,False
20261007,KOSPI,108320,LX세미콘,37600,55624,611537680000,37630.0,36980.0,36412.5,36940.833,0.55,3.867,False,False
20261007,KOSDAQ,445180,퓨릿,9830,37338,168969718040,9924.0,9284.0,8508.5,8083.0,0.549,22.569,True,False
20261007,KOSPI,006060,화승인더,2250,31296,124470000000,2228.0,2223.0,2312.0,2415.417,0.548,-8.35,False,False
20261007,KOSPI,03473K,SK우,374000,463,211734490000,373200.0,376300.0,387125.0,365466.667,0.548,-8.669,False,False
20261007,KOSPI,002310,아세아제지,7530,40766,297054810300,7742.0,8008.0,8327.0,8007.0,0.547,-14.819,False,False
20261007,KOSDAQ,068760,셀트리온제약,40100,45381,1780533513200,39180.0,39120.0,39357.5,40696.667,0.547,-1.836,False,False
20261007,KOSDAQ,256940,킵스파마,7300,27656,146570473100,6926.0,6478.0,6158.0,5908.833,0.547,29.893,True,False
20261007,KOSPI,003300,한일홀딩스,17070,7504,526292749080,17324.0,17453.0,17740.0,17658.5,0.546,-8.717,False,False
20261007,KOSPI,000815,삼성화재우,394000,4870,1184765880000,393500.0,400400.0,408200.0,405116.667,0.545,-8.479,False,False
20261007,KOSDAQ,220100,퓨쳐켐,7050,65676,182011612500,7080.0,6741.0,7207.5,7875.667,0.545,-13.284,False,False
20261007,KOSPI,344820,KCC글라스,24000,6911,383292288000,23980.0,23865.0,24202.5,23899.167,0.545,-4.192,False,False
20261007,KOSDAQ,399720,가온칩스,46750,69556,554400957000,47430.0,46540.0,44037.5,45593.333,0.545,11.045,False,False
20261007,KOSDAQ,052020,에스티큐브,7730,88665,525510839430,7796.0,7746.0,7759.0,7914.167,0.544,-3.975,False,False
20261007,KOSDAQ,060250,NHN KCP,13520,155156,542971460720,13586.0,13461.0,13827.5,13652.5,0.543,-14.268,False,False
20261007,KOSDAQ,382900,범한퓨얼셀,25150,144014,220339150000,25170.0,24465.0,24046.5,18748.5,0.543,48.028,True,False
20261007,KOSPI,064960,SNT모티브,26650,30945,707298248800,26690.0,26420.0,26377.5,26463.333,0.542,1.524,False,False
20261007,KOSDAQ,138080,오이솔루션,31600,265766,391137152800,31030.0,29485.0,26782.5,23115.333,0.542,48.357,True,False
20261007,KOSDAQ,417030,니어스랩,27950,236773,161482690200,29470.0,31750.0,30797.5,,0.542,-11.129,False,False
20261007,KOSPI,004380,삼익THK,7660,12025,158562000000,7678.0,7582.0,7675.5,8012.833,0.541,-5.432,False,False
20261007,KOSPI,079160,CJ CGV,5030,186651,832881468910,5001.0,5107.5,5251.25,5123.75,0.54,-6.852,False,False
20261007,KOSPI,323410,카카오뱅크,19860,413575,9475611878820,19862.0,20028.0,20661.5,21525.5,0.54,-9.522,False,False
20261007,KOSDAQ,458870,씨어스,26000,101066,996979412000,26350.0,26065.0,24757.5,25055.833,0.54,21.78,False,False
20261007,KOSPI,001790,대한제당,2800,69193,241477362000,2793.0,2812.5,2839.75,2779.167,0.539,-3.78,False,False
20261007,KOSDAQ,051160,지어소프트,13780,218284,185790889440,12778.0,12486.0,11429.5,9715.5,0.538,26.888,True,False
20261007,KOSDAQ,448900,한국피아이엠,54400,35397,330450460800,55260.0,54800.0,53142.5,53527.5,0.538,8.367,False,False
20261007,KOSDAQ,484590,삼양컴텍,7120,113135,293418404000,7258.0,7045.0,6891.5,6467.833,0.537,4.552,True,False
20261007,KOSDAQ,469610,이노테크,15950,47477,142639255000,15862.0,15772.0,15761.0,14573.0,0.535,3.37,True,False
20261007,KOSDAQ,108380,대양전기공업,18080,16001,172977380640,18548.0,18580.0,18649.0,17739.667,0.534,-1.148,False,False
20261007,KOSPI,175330,JB금융지주,28250,259023,5269241528000,28670.0,29740.0,30710.0,28712.5,0.533,-8.871,False,False
20261007,KOSDAQ,332570,PS일렉트로닉스,8770,1337429,402899088310,9046.0,8982.0,8516.5,7973.0,0.533,15.092,True,False
20261007,KOSDAQ,394280,오픈엣지테크놀로지,10210,57776,268998071300,10366.0,10022.0,9187.0,9485.167,0.533,21.403,False,False
20261007,KOSDAQ,417010,나노팀,6570,139850,132534822960,6500.0,6433.0,6365.0,5529.667,0.533,1.703,False,False
20261007,KOSPI,005850,에스엘,50900,35013,2364229668000,51340.0,50375.0,50692.5,53036.667,0.532,-0.973,False,False
20261007,KOSPI,456040,OCI,73000,15448,653532135000,73960.0,74870.0,76315.0,78451.667,0.532,-7.945,False,False
20261007,KOSPI,00104K,CJ4우(전환),128000,3625,540993536000,128960.0,129360.0,128925.0,128558.333,0.53,-0.621,False,False
20261007,KOSPI,003230,삼양식품,1217000,24784,9167679255000,1215000.0,1225800.0,1256100.0,1262333.333,0.529,-14.114,False,False
20261007,KOSPI,002210,동성제약,1293,49811,124929022551,1285.2,1282.1,1343.45,1358.117,0.528,-9.263,False,False
20261007,KOSPI,034310,NICE,11700,14535,430058736900,11746.0,11827.0,12130.5,12507.167,0.528,-7.29,False,False
20261007,KOSPI,365550,ESR켄달스퀘어리츠,3130,124811,770258570000,3111.0,3137.0,3131.0,3174.417,0.527,1.459,False,False
20261007,KOSPI,011760,현대코퍼레이션,24600,15383,325432563600,24880.0,25170.0,25812.5,25278.333,0.526,-5.747,False,False
20261007,KOSDAQ,200130,콜마비앤에이치,8170,31858,235096308860,8016.0,7878.0,7948.0,8551.0,0.526,-6.629,False,False
20261007,KOSPI,000640,동아쏘시오홀딩스,94700,5254,637570306900,93880.0,93610.0,93010.0,89838.333,0.525,2.268,True,False
20261007,KOSDAQ,117730,티로보틱스,14710,71942,331828812530,14954.0,14471.0,13671.0,13189.0,0.525,11.863,True,False
20261007,KOSPI,024110,기업은행,20100,431610,16028259966900,20170.0,20285.0,20407.5,20548.333,0.524,-2.899,False,False
20261007,KOSDAQ,090850,현대이지웰,4915,16354,110478893245,4922.0,4938.0,4980.5,5343.583,0.524,-2.286,False,False
20261007,KOSPI,104700,한국철강,9380,12521,341901000000,9402.0,9443.0,9479.5,9560.833,0.521,-3.299,False,False
20261007,KOSPI,084010,대한제강,8940,100737,307282068240,8764.0,8388.0,8459.0,8150.833,0.52,3.114,False,False
20261007,KOSDAQ,900290,GRT,3400,128658,315355729000,3420.0,3432.5,3555.0,3409.417,0.52,-14.033,False,False
20261007,KOSPI,192650,드림텍,9120,721547,600887880480,9042.0,8657.0,7687.0,5760.0,0.519,44.762,True,False
20261007,KOSDAQ,140670,알에스오토메이션,10550,34569,135460312000,10578.0,10488.0,10392.5,9851.0,0.518,2.527,True,False
20261007,KOSDAQ,036540,SFA반도체,11340,4278435,1864979836020,11244.0,10908.0,9231.5,6707.0,0.517,102.139,True,False
20261007,KOSPI,107590,미원홀딩스,59200,43,137344000000,59980.0,60270.0,61095.0,57870.0,0.516,-5.732,False,False
20261007,KOSDAQ,125490,한라캐스트,12900,1089556,470880340800,12720.0,12404.0,11676.5,9996.333,0.516,18.785,True,False
20261007,KOSPI,001800,오리온홀딩스,22800,32611,1371571665600,22920.0,23465.0,24220.0,25350.0,0.515,-10.763,False,False
20261007,KOSDAQ,094480,갤럭시아머니트리,5650,264386,221648584700,5804.0,5723.0,5667.0,5380.0,0.512,-7.68,False,False
20261007,KOSPI,294870,IPARK현대산업개발,22150,72499,1459847359500,22440.0,23000.0,23437.5,21827.167,0.512,-4.936,False,False
20261007,KOSPI,000430,대원강업,4440,60173,275280000000,4511.0,4681.0,4722.0,4140.583,0.511,1.139,False,False
20261007,KOSDAQ,215000,골프존,35900,7515,225287398500,35770.0,35850.0,35770.0,36785.833,0.511,-2.446,False,False
20261007,KOSDAQ,053300,한국정보인증,5380,295383,212860485480,5286.0,5185.0,5176.0,4731.75,0.51,6.958,True,False
20261007,KOSDAQ,115180,큐리언트,24200,72412,908326454200,24120.0,23195.0,22820.0,21533.5,0.508,4.989,True,False
20261007,KOSPI,001200,유진투자증권,4020,206292,389403000360,4063.0,4105.0,4198.0,4235.167,0.505,-7.692,False,False
20261007,KOSPI,001680,대상,17590,34599,609458759750,17736.0,17851.0,18143.5,17945.333,0.505,-8.433,False,False
20261007,KOSDAQ,058610,에스피지,99900,202238,2215518264000,101160.0,99940.0,98025.0,92810.0,0.505,6.051,True,False
20261007,KOSPI,02826K,삼성물산우B,217500,2334,319200825000,221200.0,229300.0,229125.0,221021.667,0.503,-5.022,False,False
20261007,KOSDAQ,180400,DXVX,2310,18214,227371987920,2329.0,2333.0,2341.25,2405.3,0.503,-0.645,False,False
20261007,KOSDAQ,389020,자람테크놀로지,16170,56812,111655175940,16432.0,16265.0,17831.0,19830.333,0.503,-24.085,False,False
20261007,KOSDAQ,484120,도우인시스,23250,35371,254760061500,23560.0,23565.0,21659.5,19050.167,0.503,8.14,False,False
20261007,KOSPI,026960,동서,26450,33081,2637065000000,26370.0,25985.0,25780.0,25794.167,0.502,3.929,False,False
20261007,KOSDAQ,389500,에스비비테크,42500,58841,283197560000,43100.0,42820.0,41192.5,36926.667,0.501,12.583,True,False
20261007,KOSPI,003555,LG우,68000,2588,204761532000,67520.0,67700.0,68170.0,67301.667,0.5,-4.225,False,False
20261007,KOSDAQ,333430,일승,3755,106644,115378934985,3839.0,3796.0,3810.0,3726.417,0.498,-2.214,False,False
20261007,KOSPI,088350,한화생명,5310,1649470,4611894300000,5314.0,5529.0,5720.5,5172.333,0.496,-7.491,False,False
20261007,KOSPI,145990,삼양사,46100,4688,475449998900,46040.0,45960.0,46842.5,45602.5,0.496,-1.073,False,False
20261007,KOSPI,020560,아시아나항공,8240,73467,1697363458640,8326.0,8276.0,8078.5,7465.833,0.495,1.98,True,False
20261007,KOSDAQ,054050,NH농우바이오,7100,8602,113816983100,7212.0,7129.0,7077.5,6914.667,0.494,1.14,True,False
20261007,KOSDAQ,120240,대정화금,14770,3250,106202075070,14810.0,14787.0,14737.5,14614.0,0.494,0.476,False,False
20261007,KOSPI,014830,유니드,60500,5213,409439800000,60280.0,60340.0,61475.0,62091.667,0.493,-6.636,False,False
20261007,KOSPI,460850,동국씨엠,5300,31506,158462876800,5346.0,5328.0,5291.5,5150.083,0.493,1.533,True,False
20261007,KOSPI,014680,한솔케미칼,269000,27333,2903595684000,271600.0,251900.0,228475.0,221595.0,0.492,39.306,True,False
20261007,KOSPI,024720,콜마홀딩스,9270,9754,317926320930,9260.0,9307.0,9393.0,9407.667,0.491,-6.928,False,False
20261007,KOSPI,100840,SNT에너지,33350,134188,659032951800,35550.0,36315.0,36840.0,30612.5,0.491,1.988,False,False
20261007,KOSPI,004150,한솔홀딩스,3545,33274,145439367900,3579.0,3548.0,3541.25,3315.167,0.489,1.722,True,False
20261007,KOSPI,072710,농심홀딩스,88800,830,411835752000,89080.0,89390.0,90825.0,91176.667,0.489,-5.732,False,False
20261007,KOSDAQ,243070,휴온스,19390,11847,232285704350,19346.0,19207.0,19773.5,23222.0,0.488,-8.322,False,False
20261007,KOSPI,001230,동국홀딩스,2005,391732,311792968575,2027.0,2072.0,2077.15,1916.25,0.487,-1.232,False,False
20261007,KOSPI,011170,롯데케미칼,60700,95347,2596467933300,60720.0,61200.0,62310.0,59540.0,0.486,1.167,False,False
20261007,KOSPI,306200,세아제강,148500,6474,421190550000,151940.0,147950.0,147900.0,137335.0,0.485,2.626,True,False
20261007,KOSPI,073240,금호타이어,6660,660003,1913153511420,6754.0,6749.0,6974.0,6980.667,0.483,-7.242,False,False
20261007,KOSPI,003540,대신증권,25000,29329,1191653150000,25280.0,25715.0,26275.0,26190.833,0.482,-5.66,False,False
20261007,KOSPI,377300,카카오페이,39600,123426,5357904631200,40020.0,40285.0,42557.5,42821.667,0.482,-16.279,False,False
20261007,KOSDAQ,023600,삼보판지,9010,4079,144234783000,9012.0,9037.0,9119.0,8897.333,0.48,-5.158,False,False
20261007,KOSPI,053690,한미글로벌,20300,109231,222438265000,20790.0,21225.0,22082.5,19383.333,0.479,-10.965,False,False
20261007,KOSDAQ,090360,로보스타,78300,55960,763425000000,78580.0,78050.0,77880.0,74138.333,0.479,2.487,True,False
20261007,KOSPI,475560,더본코리아,14200,11612,210557174000,14300.0,14425.0,14707.0,14952.0,0.479,-7.971,False,False
20261007,KOSDAQ,494120,큐리오시스,10270,50567,156717776280,10222.0,9277.0,8740.5,10871.333,0.479,19.837,False,False
20261007,KOSPI,336370,솔루스첨단소재,8880,122398,623485206240,8612.0,8199.0,8038.0,7525.5,0.478,19.195,True,False
20261007,KOSPI,452260,한화갤러리아,2625,1027336,508881476250,2675.0,2718.5,2638.75,2210.133,0.478,14.13,False,False
20261007,KOSDAQ,088800,에이스테크,2345,319919,177062587730,2307.0,2248.0,2132.0,1925.55,0.477,32.187,True,False
20261007,KOSDAQ,067290,JW신약,2860,7448000,160266114580,2946.0,3042.5,3321.25,2504.7,0.474,-12.404,False,False
20261007,KOSPI,025860,남해화학,6030,124109,299563423290,6032.0,6075.0,6125.5,5964.833,0.472,-5.189,False,False
20261007,KOSDAQ,048870,시너지이노베이션,1605,106063,141411675615,1601.0,1562.8,1553.95,1595.483,0.472,0.627,False,False
20261007,KOSDAQ,038390,레드캡투어,9920,3920,165870554240,9932.0,9947.0,9976.0,9928.5,0.471,-0.502,False,False
20261007,KOSPI,092230,KPX홀딩스,95700,867,377901021300,96140.0,96200.0,96990.0,92651.667,0.471,-2.941,False,False
20261007,KOSDAQ,475830,오름테라퓨틱,20600,248354,448110069600,21540.0,23215.0,36955.0,49720.833,0.47,-63.148,False,False
20261007,KOSPI,105630,한세실업,8790,20838,351600000000,8718.0,8650.0,8829.0,9018.5,0.469,-3.513,False,False
20261007,KOSPI,123890,한국자산신탁,2415,64347,295533031290,2410.0,2425.0,2467.5,2399.25,0.469,-7.115,False,False
20261007,KOSDAQ,351320,넥사다이내믹스,4330,341349,134262656860,4429.0,4096.5,4168.5,2327.9,0.469,16.242,False,False
20261007,KOSPI,003490,대한항공,30850,1257789,11359605787650,31160.0,31065.0,30317.5,27816.667,0.467,2.152,True,False
20261007,KOSPI,047040,대우건설,17340,3761046,7125138442920,17640.0,17878.0,18505.5,16972.667,0.467,2.908,False,False
20261007,KOSDAQ,093640,케이알엠,4760,14047,156336088160,4721.0,4714.0,4671.5,4120.833,0.466,7.328,True,False
20261007,KOSDAQ,226590,엠디바이스,14750,35292,158072564000,14836.0,14668.0,13752.5,12392.833,0.466,25.212,True,False
20261007,KOSDAQ,032820,우리기술,12390,3145779,2140801342680,12546.0,12741.0,13014.5,11543.333,0.462,16.557,False,False
20261007,KOSDAQ,0011T0,채비,5280,124875,247893840480,5360.0,5406.0,5344.75,5034.0,0.461,15.917,False,False
20261007,KOSPI,007700,F&F홀딩스,13470,3315,526870523490,13390.0,13395.0,13623.5,14049.5,0.461,-5.074,False,False
20261007,KOSDAQ,052860,아이앤씨,7520,41119,134358742080,7582.0,7411.0,7159.0,5580.833,0.46,19.555,True,False
20261007,KOSDAQ,045390,대아티아이,3015,410207,212477231655,3037.0,3091.0,3234.5,2933.75,0.459,-20.553,False,False
20261007,KOSDAQ,321370,센서뷰,1908,4482434,134747254908,1856.0,1800.2,1550.7,1395.467,0.459,70.968,True,False
20261007,KOSDAQ,452280,한선엔지니어링,14300,569567,275241681000,14204.0,13678.0,12533.5,11501.667,0.458,40.472,True,False
20261007,KOSPI,005430,한국공항,95600,2761,302703538000,95960.0,90240.0,84915.0,84123.333,0.456,21.013,True,False
20261007,KOSDAQ,073560,우리손에프앤지,1507,25338,104341128001,1506.6,1517.0,1525.95,1518.9,0.456,-1.888,False,False
20261007,KOSPI,002100,경농,9000,7849,175703175000,9022.0,9005.0,9070.0,9149.667,0.453,-3.537,False,False
20261007,KOSDAQ,443670,에스피소프트,5210,1249024,125095038440,4984.0,4979.5,4825.0,3671.5,0.453,28.01,True,False
20261007,KOSDAQ,067630,HLB생명과학,4185,498339,510222887730,3975.0,3483.0,3009.0,2662.55,0.452,55.866,True,False
20261007,KOSPI,432320,KB스타리츠,1614,193773,243333555990,1632.2,1639.6,1623.5,1492.3,0.452,8.833,False,False
20261007,KOSDAQ,493330,지에프아이,12800,30360,102905766400,12518.0,12097.0,12599.5,11337.833,0.451,-8.244,False,False
20261007,KOSPI,012200,계양전기,3060,339880,108393856740,3087.0,3255.5,3438.25,3820.083,0.45,-15.0,False,False
20261007,KOSPI,052690,한전기술,127800,331971,4884516000000,126420.0,127750.0,133565.0,110620.0,0.45,18.773,False,False
20261007,KOSDAQ,126640,화신정공,3785,452284,132686619350,3850.0,3839.0,3952.75,4108.5,0.45,-22.279,False,False
20261007,KOSDAQ,209640,와이제이링크,3965,658350,112777073890,3912.0,3828.5,3521.75,3328.0,0.45,29.153,True,False
20261007,KOSPI,012630,HDC,22600,46125,1350162894600,23820.0,24750.0,25530.0,22804.0,0.448,-0.221,False,False
20261007,KOSDAQ,264450,유비쿼스,11740,32587,172172887820,11586.0,11324.0,10806.5,10326.0,0.448,14.761,True,False
20261007,KOSDAQ,267320,나인테크,2700,1179540,155021296500,2809.0,2539.5,2376.25,2148.517,0.448,22.449,True,False
20261007,KOSPI,006360,GS건설,32850,699214,2811351946500,33170.0,34405.0,35520.0,32760.0,0.447,-4.088,False,False
20261007,KOSPI,000520,삼일제약,8530,46608,185031147830,8416.0,8261.0,7631.5,6806.333,0.446,36.918,True,False
20261007,KOSPI,009155,삼성전기우,528000,13219,1534887552000,529000.0,524000.0,509900.0,484216.667,0.446,5.389,True,False
20261007,KOSDAQ,025770,한국정보통신,7870,10544,294686412770,7808.0,7839.0,7962.0,7910.667,0.446,-0.506,False,False
20261007,KOSDAQ,175250,아이큐어,1682,155476,103840485194,1659.2,1682.8,1718.55,2017.35,0.446,-19.905,False,False
20261007,KOSPI,004490,세방전지,62700,34317,869022000000,62100.0,60720.0,61330.0,57736.667,0.445,-2.64,False,False
20261007,KOSPI,336260,두산퓨얼셀,45250,472951,2963591101500,45790.0,46215.0,48300.0,41222.5,0.445,3.193,False,False
20261007,KOSPI,003550,LG,110800,111956,16752074043200,111580.0,112300.0,113970.0,109008.333,0.444,-8.505,False,False
20261007,KOSDAQ,194480,데브시스터즈,13920,23638,169394568000,14016.0,14158.0,14590.0,16564.667,0.444,-12.232,False,False
20261007,KOSPI,002350,넥센타이어,5760,64317,562566971520,5734.0,5673.0,5705.5,6260.667,0.443,-5.263,False,False
20261007,KOSPI,108670,LX하우시스,32650,7886,292794425500,33020.0,32945.0,33595.0,33509.167,0.443,-8.799,False,False
20261007,KOSDAQ,203650,드림시큐리티,2935,4348933,298502660540,2862.0,2803.5,2640.75,2210.533,0.443,44.938,True,False
20261007,KOSDAQ,072870,메가스터디,13170,6702,156999030030,13176.0,13199.0,13149.5,13140.333,0.442,-1.863,False,False
20261007,KOSDAQ,338220,뷰노,8250,194680,115515039750,8288.0,7278.0,6040.5,6882.333,0.442,57.143,False,False
20261007,KOSPI,375500,DL이앤씨,72100,191337,2789810218300,74980.0,78670.0,81370.0,71640.0,0.442,-1.771,False,False
20261007,KOSDAQ,153890,져스텍,8760,163737,105560671800,9252.0,9742.0,10116.5,9992.667,0.441,-19.707,False,False
20261007,KOSPI,003650,미창석유,122200,999,212587918400,123360.0,124510.0,127310.0,137541.667,0.44,-8.464,False,False
20261007,KOSDAQ,052260,현대바이오랜드,4985,856693,149550000000,5119.0,4737.0,4350.5,3920.083,0.439,25.094,True,False
20261007,KOSDAQ,452430,사피엔반도체,35500,26101,293067445500,37500.0,38520.0,37415.0,30845.0,0.438,1.429,False,False
20261007,KOSDAQ,122450,KX,2485,11907,111377287490,2513.0,2539.5,2599.5,2639.25,0.437,-7.963,False,False
20261007,KOSPI,000370,한화손해보험,7340,268380,856863636100,7296.0,7572.0,7904.5,7025.833,0.435,-12.827,False,False
20261007,KOSDAQ,086960,MDS테크,2370,578443,100792947900,2352.0,2254.0,2106.7,1989.783,0.435,19.095,True,False
20261007,KOSDAQ,486990,노타,20250,171287,433196707500,20356.0,20214.0,18777.0,18835.333,0.435,12.251,False,False
20261007,KOSDAQ,322510,제이엘케이,5280,68511,135832709760,5184.0,5064.0,4972.5,5014.167,0.434,12.34,False,False
20261007,KOSDAQ,013030,하이록코리아,34800,13891,409531411200,35900.0,36640.0,35570.0,33213.333,0.431,1.754,False,False
20261007,KOSPI,039130,하나투어,30150,12309,467021449800,30050.0,30215.0,31467.5,31410.833,0.428,-7.231,False,False
20261007,KOSDAQ,314930,바이오다인,6710,10192,199717131130,6798.0,6738.0,6812.0,7572.167,0.426,-3.314,False,False
20261007,KOSPI,002990,금호건설,11420,841675,425508903080,12000.0,12484.0,13461.0,13002.667,0.425,-29.024,False,False
20261007,KOSDAQ,065710,서호전기,43350,3083,223252500000,43400.0,44195.0,44945.0,43995.833,0.425,-4.199,False,False
20261007,KOSDAQ,041190,우리기술투자,6080,1617343,485184000000,6090.0,5990.0,5796.5,5246.833,0.423,-2.251,True,False
20261007,KOSDAQ,136150,원일티엔아이,12900,103903,108115287000,11728.0,10016.0,8984.5,7900.167,0.423,72.46,True,False
20261007,KOSPI,009680,모토닉,10010,5149,217548270940,10044.0,10101.0,10211.0,10096.333,0.421,-3.472,False,False
20261007,KOSDAQ,126730,코칩,25000,298208,219253150000,24300.0,23640.0,22550.5,18155.0,0.42,25.0,True,False
20261007,KOSDAQ,063570,NICE인프라,3275,5137,111833809200,3296.0,3254.0,3321.25,3260.833,0.419,-5.072,False,False
20261007,KOSDAQ,046970,우리로,8220,2852357,360241491780,8010.0,7838.0,7269.75,5426.0,0.418,69.835,True,False
20261007,KOSPI,126560,현대퓨처넷,3375,26289,368553510000,3382.0,3372.5,3363.25,3215.083,0.418,-0.148,True,False
20261007,KOSDAQ,213420,덕산네오룩스,29800,74358,739969134200,29930.0,29530.0,30272.5,31165.0,0.418,-7.597,False,False
20261007,KOSDAQ,179290,엠아이텍,4715,13374,152604171770,4654.0,4601.5,4784.5,4880.667,0.417,-7.549,False,False
20261007,KOSDAQ,446540,메가터치,10990,436928,319579429890,11130.0,10579.0,9414.5,7747.0,0.417,54.571,True,False
20261007,KOSDAQ,065680,우주일렉트로,23750,8569,214711186250,24840.0,25155.0,23805.0,24439.0,0.416,0.636,False,False
20261007,KOSDAQ,263750,펄어비스,33200,115144,2086417812000,33240.0,33490.0,34217.5,33628.333,0.415,-3.768,False,False
20261007,KOSPI,298000,효성화학,52000,7896,197174172000,53140.0,52730.0,54185.0,60905.0,0.415,-7.143,False,False
20261007,KOSDAQ,024800,유성티엔에스,4310,13703,151821344700,4387.0,4441.5,4572.75,4388.667,0.414,-9.454,False,False
20261007,KOSDAQ,049070,인탑스,18740,36710,295010702000,18668.0,18416.0,18492.0,18125.667,0.414,5.697,False,False
20261007,KOSDAQ,086820,바이오솔루션,6760,23542,175246814600,6774.0,6644.0,6568.0,6347.333,0.414,10.277,True,False
20261007,KOSDAQ,099440,스맥,3815,124929,260348548110,3864.0,3997.5,4115.25,3782.167,0.412,0.395,False,False
20261007,KOSPI,213500,한솔제지,7140,10557,169936112640,7196.0,7338.0,7430.0,7335.667,0.411,-5.68,False,False
20261007,KOSDAQ,064260,다날,4530,500110,342673920210,4511.0,4452.0,4648.75,4684.333,0.41,-12.885,False,False
20261007,KOSPI,244920,에이플러스에셋,12670,11543,286439470310,12406.0,12610.0,13147.0,12609.333,0.41,-9.241,False,False
20261007,KOSPI,279570,케이뱅크,5420,237155,2198867718420,5422.0,5413.0,5526.5,5646.667,0.41,-3.214,False,False
20261007,KOSDAQ,072950,빛샘전자,16240,1874154,130774386400,16258.0,14952.0,12838.0,9655.833,0.409,93.795,True,False
20261007,KOSPI,013570,디와이,4170,13430,109752869610,4174.0,4162.0,4218.5,4155.417,0.408,-4.795,False,False
20261007,KOSPI,009270,신원,1070,114448,122804320510,1088.4,1095.8,1103.25,1080.967,0.405,-7.997,False,False
20261007,KOSPI,003690,코리안리,14640,88345,2587195893840,14478.0,14674.0,14762.0,14389.0,0.404,0.966,False,False
20261007,KOSPI,006660,삼성공조,13030,124387,105885871420,13048.0,12887.0,12802.0,12286.5,0.402,5.849,True,False
20261007,KOSDAQ,130580,나이스디앤비,6850,11764,105490000000,6846.0,6821.0,6633.5,5883.5,0.401,22.54,True,False
20261007,KOSPI,316140,우리금융지주,33350,1448165,24571831675950,33680.0,34875.0,35075.0,33422.5,0.401,0.452,False,False
20261007,KOSDAQ,396300,HT로보틱스,5720,1431523,151519940000,5890.0,5611.0,5220.75,4445.25,0.401,0.882,True,False
20261007,KOSPI,271940,일진하이솔루스,11690,22727,424501191100,11524.0,11282.0,11286.0,10739.333,0.398,9.049,False,False
20261007,KOSDAQ,356680,엑스게이트,18940,2308743,540613738480,18916.0,18349.0,16705.5,12991.833,0.398,65.704,True,False
20261007,KOSPI,317400,자이에스앤디,9910,380245,384334773200,9928.0,9863.0,10185.5,8842.75,0.397,-11.754,False,False
20261007,KOSDAQ,035600,KG이니시스,9670,13413,266451376780,9724.0,9834.0,9973.5,9882.833,0.396,-6.93,False,False
20261007,KOSPI,350520,이지스레지던스리츠,3215,11618,118524839430,3246.0,3287.5,3315.0,3340.167,0.394,-5.58,False,False
20261007,KOSDAQ,222040,코스맥스엔비티,6330,100929,130575240000,6622.0,7013.0,7339.0,7991.5,0.393,-26.224,False,False
20261007,KOSDAQ,060150,인선이엔티,2980,13339,135779563760,2977.0,2901.0,2923.75,3023.667,0.391,-1.974,False,False
20261007,KOSPI,377190,디앤디플랫폼리츠,1989,80651,175827600000,1995.2,2090.6,2159.55,2117.667,0.391,-9.385,False,False
20261007,KOSDAQ,046120,오르비텍,5180,588425,175371142940,5314.0,5406.0,5577.5,4898.5,0.39,19.769,False,False
20261007,KOSPI,180640,한진칼,133900,31496,8939468622500,133380.0,136650.0,138720.0,125911.667,0.39,-8.288,False,False
20261007,KOSDAQ,246710,티앤알바이오팹,2230,44731,106291843920,2245.0,2237.5,2245.25,2345.167,0.39,0.905,False,False
20261007,KOSPI,002460,HS화성,11110,2401,112766500000,11050.0,11056.0,10943.5,11006.0,0.388,3.445,False,False
20261007,KOSPI,009900,명신산업,8480,117609,444946727840,8500.0,8409.0,8286.0,7639.833,0.387,-1.738,True,False
20261007,KOSPI,016740,두올,4045,32124,115986427080,4004.0,3999.5,3964.75,3610.583,0.385,7.152,True,False
20261007,KOSDAQ,044490,태웅,36750,103518,735271251750,37710.0,37900.0,37390.0,31981.667,0.385,13.426,False,False
20261007,KOSDAQ,067390,아스트,5590,32731,235427081630,5750.0,5886.0,5851.5,2736.183,0.383,9.823,False,False
20261007,KOSDAQ,424870,이뮨온시아,3485,547068,318536907465,3435.0,3374.0,3224.25,3057.833,0.382,20.588,True,False
20261007,KOSPI,487570,HS효성,50300,1292,187414128100,50900.0,50205.0,49400.0,46629.167,0.382,4.574,True,False
20261007,KOSPI,012030,DB,2015,412429,405365474995,2000.8,1850.2,1733.0,1570.267,0.381,33.709,True,False
20261007,KOSPI,285130,SK케미칼,51400,18247,889156572400,51520.0,51230.0,52455.0,47216.667,0.381,-6.884,False,False
20261007,KOSPI,017390,서울가스,54200,1964,268290000000,54180.0,54350.0,55110.0,55071.667,0.377,-2.342,False,False
20261007,KOSDAQ,078340,컴투스,36900,40571,446169449700,37150.0,36505.0,34950.0,31731.667,0.376,13.889,True,False
20261007,KOSDAQ,108490,로보티즈,305500,160006,4480777054000,302900.0,298800.0,305250.0,255211.667,0.376,0.328,False,False
20261007,KOSPI,000540,흥국화재,3425,21906,220031059125,3408.0,3440.0,3543.0,3393.667,0.375,-7.307,False,False
20261007,KOSPI,002150,도화엔지니어링,4970,11296,167588400000,4984.0,5013.0,5127.5,5098.083,0.374,-6.579,False,False
20261007,KOSDAQ,199430,케이엔알시스템,17280,67624,193484903040,17746.0,17943.0,18250.5,15292.667,0.372,-12.947,False,False
20261007,KOSPI,334890,이지스밸류플러스리츠,3630,34021,252098719290,3633.0,3637.5,3641.0,3636.583,0.371,-6.323,False,False
20261007,KOSPI,003200,일신방직,11100,45093,254856000000,10810.0,10970.0,11051.0,10634.167,0.37,5.916,False,False
20261007,KOSPI,298690,에어부산,1500,23419,244372308000,1503.0,1509.9,1520.3,1510.133,0.369,-2.28,False,False
20261007,KOSPI,010780,아이에스동서,14750,25726,438438853000,14726.0,14869.0,15181.5,16854.167,0.366,-6.29,False,False
20261007,KOSPI,013580,계룡건설,21300,19057,190228319100,21520.0,22050.0,22362.5,21006.667,0.365,-3.182,False,False
20261007,KOSPI,017670,SK텔레콤,87400,258353,18772650632200,87220.0,87190.0,88685.0,90466.667,0.364,-5.514,False,False
20261007,KOSPI,003920,남양유업,41800,1112,237150084600,42050.0,42165.0,42622.5,42973.333,0.363,-3.687,False,False
20261007,KOSPI,272450,진에어,5830,37926,304326000000,5894.0,5917.0,5981.5,5563.083,0.363,-5.049,False,False
20261007,KOSPI,003280,흥아해운,1841,3369612,442622239059,1829.2,1814.0,1812.65,1762.283,0.362,6.787,True,False
20261007,KOSDAQ,064550,바이오니아,8700,217901,224549531700,8600.0,8511.0,9084.0,7979.167,0.36,-16.266,False,False
20261007,KOSDAQ,091440,한울소재과학,2770,108309,102357959640,2802.0,2926.5,2843.75,2885.833,0.359,-0.18,False,False
20261007,KOSDAQ,261780,아리바이오랩,3670,462864,106268431920,3551.0,3562.0,3622.0,2787.967,0.359,39.279,False,False
20261007,KOSPI,181710,NHN,56900,73962,1839518108500,56700.0,56430.0,57335.0,53761.667,0.357,-20.42,False,False
20261007,KOSDAQ,366030,나인앤컴퍼니,4605,21564,104320979250,4468.0,4521.0,4508.5,4715.917,0.357,-5.828,False,False
20261007,KOSDAQ,475400,씨메스로보틱스,18310,36066,216184229140,18746.0,18532.0,18442.0,18196.667,0.353,2.176,False,False
20261007,KOSPI,079900,전진건설로봇,39050,28045,569838882250,39940.0,40640.0,40817.5,36290.833,0.352,-5.904,False,False
20261007,KOSDAQ,025980,아난티,4940,685661,480666890600,4994.0,5058.5,5129.75,4562.25,0.351,-13.485,False,False
20261007,KOSDAQ,115310,인포바인,9580,1733,142086239420,9584.0,9523.0,9481.5,8315.833,0.35,1.915,True,False
20261007,KOSPI,005010,휴스틸,3950,260709,221942896250,4048.0,3991.5,3978.75,3796.583,0.349,3.133,False,False
20261007,KOSDAQ,0001A0,덕양에너젠,8640,46018,220051831680,8534.0,8469.0,8713.0,8508.167,0.345,-3.03,False,False
20261007,KOSDAQ,339950,아이비김영,2365,16342,106298839075,2368.0,2376.0,2409.5,2630.083,0.345,-9.733,False,False
20261007,KOSPI,088260,이리츠코크렙,3210,18942,203326503900,3238.0,3261.5,3244.25,3170.917,0.334,0.156,False,False
20261007,KOSPI,005090,SGC에너지,47450,37287,683722850850,47980.0,49090.0,52615.0,51469.167,0.332,-15.419,False,False
20261007,KOSDAQ,387690,레메디,18540,732302,141382165140,19230.0,19053.0,17957.5,,0.332,17.714,False,False
20261007,KOSPI,400760,NH올원리츠,2815,31467,154625909125,2807.0,2801.5,2809.0,2888.417,0.331,0.716,False,False
20261007,KOSPI,007070,GS리테일,22450,60980,1876986466750,22270.0,22665.0,23692.5,25270.0,0.33,-11.614,False,False
20261007,KOSDAQ,021320,KCC건설,5520,7576,118128000000,5620.0,5720.0,5774.0,5591.833,0.326,-1.954,False,False
20261007,KOSDAQ,122990,와이솔,6390,25091,163891224810,6566.0,6574.0,6592.5,6156.333,0.326,2.404,False,False
20261007,KOSDAQ,080160,모두투어,7970,39589,150633000000,8148.0,8285.0,8852.0,8780.167,0.324,-11.148,False,False
20261007,KOSDAQ,234340,헥토파이낸셜,22900,205500,319928022400,23130.0,22540.0,22294.5,20201.0,0.324,-9.307,False,False
20261007,KOSDAQ,095190,신화프리텍,1847,30065,120536073314,1848.6,1844.2,1854.15,1908.867,0.32,-0.859,False,False
20261007,KOSDAQ,452190,한빛레이저,5990,1377258,143284136430,6180.0,5670.0,5254.75,4130.5,0.318,60.375,True,False
20261007,KOSDAQ,151860,KG에코솔루션,5380,28901,256104150760,5324.0,5374.0,5493.0,5496.833,0.315,-3.757,False,False
20261007,KOSPI,005960,동부건설,8260,16910,189539436380,8330.0,8371.0,8248.5,7449.167,0.314,9.84,False,False
20261007,KOSDAQ,068930,디지털대성,9200,29451,254613146400,9278.0,9380.0,9052.5,8286.833,0.314,6.605,False,False
20261007,KOSPI,051905,LG생활건강우,94000,3518,197048346000,93380.0,95670.0,100135.0,103033.333,0.311,-10.9,False,False
20261007,KOSPI,004990,롯데지주,23300,39311,2322165980800,23640.0,24010.0,24457.5,23649.167,0.309,-5.859,False,False
20261007,KOSPI,035510,신세계 I&C,15120,70313,211391208000,15358.0,15473.0,15537.0,13768.167,0.308,9.091,False,False
20261007,KOSPI,081000,일진다이아,9550,7337,135638411250,9420.0,9350.0,9525.0,9225.833,0.305,-0.209,False,False
20261007,KOSDAQ,441270,파인엠텍,9380,402917,396703884500,9396.0,9024.0,8889.0,7929.167,0.305,0.321,True,False
20261007,KOSPI,415640,KB발해인프라,10040,76155,1230357301920,10056.0,10142.0,10318.0,10455.667,0.304,-5.283,False,False
20261007,KOSDAQ,228850,레이언스,8270,21827,137207685780,8410.0,8259.0,7767.5,6881.5,0.298,16.808,True,False
20261007,KOSDAQ,297090,씨에스베어링,4985,33901,135940950000,4915.0,4746.5,4630.75,4080.917,0.294,23.391,True,False
20261007,KOSPI,448730,삼성FN리츠,5080,32421,462534000000,5030.0,4971.5,5132.75,5334.417,0.294,-3.053,False,False
20261007,KOSPI,033920,무학,7300,5103,208050000000,7334.0,7404.0,7523.5,7576.833,0.289,-5.563,False,False
20261007,KOSDAQ,089600,KT나스미디어,12420,5454,141669475200,12300.0,12346.0,12632.0,11745.833,0.284,-4.9,False,False
20261007,KOSDAQ,389650,넥스트바이오메디컬,31500,7526,260734509000,32080.0,31175.0,30487.5,33844.167,0.282,1.449,False,False
20261007,KOSDAQ,484810,티엑스알로보틱스,11960,62932,184792943400,12116.0,12066.0,12505.0,13179.167,0.281,-13.081,False,False
20261007,KOSDAQ,0007C0,아크릴,18370,88991,147517051880,18650.0,19003.0,18427.0,16671.667,0.28,12.012,False,False
20261007,KOSDAQ,108230,톱텍,3230,113353,122815081350,3253.0,3231.0,3244.25,3085.667,0.279,-2.269,False,False
20261007,KOSDAQ,190510,나무가,15570,61526,219308385690,15766.0,15752.0,15689.5,14142.333,0.279,12.176,False,False
20261007,KOSPI,000480,CR홀딩스,4300,10394,201629107000,4293.0,4290.5,4357.25,4559.667,0.278,-4.972,False,False
20261007,KOSPI,044450,KSS해운,12230,43379,276123130750,12136.0,11749.0,10917.5,10251.333,0.278,19.55,True,False
20261007,KOSDAQ,217820,원익피앤이,2405,296820,114128214395,2394.0,2339.5,2339.55,2039.6,0.277,20.25,False,False
20261007,KOSDAQ,212560,네오오토,10520,100390,141876380960,10662.0,10522.0,10848.0,10447.0,0.273,15.098,False,False
20261007,KOSDAQ,950170,JTC,4205,2313,205090948575,4230.0,4230.0,4274.0,4439.167,0.272,-5.506,False,False
20261007,KOSPI,004080,신흥,14330,1126,133269000000,14418.0,14517.0,14298.5,14123.167,0.269,2.211,False,False
20261007,KOSPI,017900,광전자,10570,2246306,612465574910,9970.0,10004.0,9582.0,7755.917,0.269,49.505,False,False
20261007,KOSPI,097955,CJ제일제당 우,110200,2733,146283116600,109600.0,110060.0,114345.0,120290.0,0.269,-9.076,False,False
20261007,KOSDAQ,030530,원익홀딩스,29050,791629,2243763348050,28650.0,27880.0,25817.5,20893.0,0.267,29.111,True,False
20261007,KOSDAQ,950250,테라뷰,4210,611994,150284083720,4164.0,3849.0,3511.5,2709.15,0.262,88.789,True,False
20261007,KOSDAQ,459510,나우로보틱스,15710,30199,203890381220,15762.0,15689.0,15676.5,15049.833,0.259,6.436,True,False
20261007,KOSPI,078000,텔코웨어,13530,498,125018241810,13478.0,13409.0,13445.0,13034.0,0.258,1.272,False,False
20261007,KOSPI,000140,하이트진로홀딩스,7720,1346,179156225800,7778.0,7791.0,7873.5,8071.5,0.257,-3.861,False,False
20261007,KOSDAQ,073010,케이에스피,3070,172731,123387137500,3234.0,3304.5,3289.75,2933.667,0.252,11.232,False,False
20261007,KOSPI,001210,금호전기,8760,751635,110609007240,9204.0,9589.0,10572.0,6829.417,0.251,-28.02,False,False
20261007,KOSPI,016800,퍼시스,24050,210,276575000000,24130.0,24370.0,25705.0,26544.167,0.251,-10.595,False,False
20261007,KOSDAQ,216080,제테마,5990,52777,223349723010,6068.0,6574.0,6681.5,5296.583,0.248,-3.387,False,False
20261007,KOSPI,006220,제주은행,9640,43762,364378089480,9614.0,9628.0,9825.0,9541.833,0.246,-4.27,False,False
20261007,KOSPI,130660,한전산업,12150,171986,396090000000,12286.0,12418.0,12750.0,11759.5,0.246,1.25,False,False
20261007,KOSPI,001270,부국증권,49800,1511,516420322800,50190.0,50655.0,50752.5,53079.167,0.244,-4.415,False,False
20261007,KOSDAQ,478340,나라스페이스테크놀로지,15290,404743,177523245350,15468.0,14652.0,12905.0,11229.0,0.244,52.139,True,False
20261007,KOSPI,016580,환인제약,10180,5945,189348712600,10144.0,10104.0,10164.0,10093.833,0.235,-1.737,False,False
20261007,KOSDAQ,047770,코데즈컴바인,3490,304192,132070680980,3574.0,3600.0,3651.5,3181.583,0.232,-15.599,False,False
20261007,KOSPI,001520,동양,1126,266205,120619408032,1125.2,1142.3,1116.6,1041.083,0.231,5.037,False,False
20261007,KOSDAQ,187660,페니트리움바이오,6780,596985,433691195340,7184.0,6991.0,7105.5,5232.25,0.231,15.897,False,False
20261007,KOSPI,007690,국도화학,38600,3494,357468115200,38280.0,37970.0,38215.0,38154.167,0.221,-1.531,False,False
20261007,KOSDAQ,019010,베뉴지,4325,49461,208465000000,4408.0,4652.5,4734.75,4421.5,0.22,-5.978,False,False
20261007,KOSDAQ,0039P0,매드업,8020,632967,150835348000,8112.0,8078.0,8378.0,7653.083,0.219,-1.956,False,False
20261007,KOSPI,251270,넷마블,34550,150710,2873123583750,34730.0,34730.0,34892.5,36718.333,0.218,-4.821,False,False
20261007,KOSPI,000670,영풍,40150,24517,739188922450,40770.0,41985.0,42877.5,39045.0,0.214,2.163,False,False
20261007,KOSDAQ,005990,매일홀딩스,10660,654,141759920640,10652.0,10736.0,10834.0,10738.667,0.214,-2.737,False,False
20261007,KOSDAQ,115440,우리넷,11500,599386,124134358000,11928.0,11455.0,10020.0,8075.167,0.214,60.167,True,False
20261007,KOSPI,009580,무림P&P,1761,332900,109830618564,1749.8,1748.6,1692.5,1663.333,0.213,8.503,True,False
20261007,KOSDAQ,419050,삼기에너지솔루션즈,1774,714045,101466129760,1809.4,1775.7,1698.4,1563.483,0.209,5.033,True,False
20261007,KOSDAQ,240550,동방메디컬,6380,96985,133558537200,6342.0,6270.0,5975.0,5886.167,0.208,6.689,True,False
20261007,KOSDAQ,289080,SV인베스트먼트,2680,463750,161170464440,2726.0,2712.0,2642.25,2226.267,0.208,16.776,True,False
20261007,KOSDAQ,294570,쿠콘,26600,39521,268440071200,26870.0,26765.0,27500.0,23250.0,0.205,-12.93,False,False
20261007,KOSPI,014280,금강공업,4595,186269,134768395415,4654.0,4622.0,4557.0,4270.583,0.204,8.373,True,False
20261007,KOSDAQ,036630,세종텔레콤,7750,1969,108500000000,7698.0,7766.0,8359.0,7815.833,0.204,-11.731,False,False
20261007,KOSPI,092790,넥스틸,13730,265899,357007460000,14080.0,13892.0,13908.0,12488.167,0.201,5.697,False,False
20261007,KOSDAQ,413630,씨피시스템,4235,658010,154309022175,4205.0,4217.5,4237.5,3823.95,0.196,3.926,False,False
20261007,KOSDAQ,005160,동국산업,3850,609834,208841255700,3737.0,3585.5,3265.5,2731.0,0.19,50.391,True,False
20261007,KOSPI,034120,SBS,11690,1042,216863972220,11666.0,11731.0,11869.0,11875.5,0.188,-3.786,False,False
20261007,KOSDAQ,950260,인제니아테라퓨틱스(Reg.S),27900,434606,1379504535300,28190.0,25995.0,21088.5,,0.187,79.076,False,False
20261007,KOSPI,117580,대성에너지,7060,70373,194150000000,7052.0,7060.0,7130.0,6966.833,0.175,1.437,False,False
20261007,KOSDAQ,024060,흥구석유,12170,651050,182550000000,12114.0,12340.0,12896.5,11674.167,0.162,12.477,False,False
20261007,KOSDAQ,408920,메쎄이상,3015,2907,130345851825,2964.0,2929.5,2956.25,3024.167,0.161,-4.286,False,False
20261007,KOSDAQ,079650,서산,5400,549863,108000000000,5596.0,5864.0,6421.0,5360.0,0.154,-19.762,False,False
20261007,KOSPI,134380,미원화학,10260,679,225644896800,10192.0,10137.0,10188.0,10300.667,0.146,-0.292,False,False
20261007,KOSDAQ,475040,스트라드비젼,2900,299944,156093433800,2975.0,3042.5,3237.0,3188.333,0.143,3.203,False,False
20261007,KOSPI,001045,CJ우,66500,838,150304829500,66580.0,66530.0,67345.0,68626.667,0.138,-3.483,False,False
20261007,KOSPI,004310,현대약품,8170,1069040,261440000000,8346.0,8617.0,9278.5,7201.417,0.138,2.767,False,False
20261007,KOSPI,028100,동아지질,19770,17144,221861253090,19740.0,19625.0,19065.5,17606.333,0.136,11.569,True,False
20261007,KOSDAQ,079940,가비아,39000,12718,523406676000,39160.0,40030.0,40392.5,42470.833,0.134,-8.019,False,False
20261007,KOSDAQ,0011A0,액스비스,11150,179558,104071201000,11600.0,11883.0,11791.5,9811.0,0.129,34.014,False,False
20261007,KOSDAQ,462860,더즌,2815,486343,202027209945,2885.0,2940.5,2967.75,2475.683,0.127,-16.593,False,False
20261007,KOSDAQ,035610,솔본,4880,7216,133448465360,4927.0,5016.5,5033.5,4834.25,0.122,-3.557,False,False
20261007,KOSPI,023450,동남합성,31500,116,110250000000,31830.0,31980.0,31840.0,30351.667,0.121,-0.316,False,False
20261007,KOSDAQ,040300,YTN,2260,82842,107749974800,2271.0,2256.5,2212.65,2079.133,0.119,13.0,True,False
20261007,KOSDAQ,334970,프레스티지바이오로직스,1406,20760,109320207622,1403.8,1382.9,1471.25,1707.517,0.116,-18.303,False,False
20261007,KOSDAQ,039340,한국경제TV,4815,892,105930000000,4850.0,4865.0,4907.5,4858.667,0.115,-1.835,False,False
20261007,KOSDAQ,080420,모다이노칩,1595,280,127155987090,1573.2,1588.6,1623.8,1569.683,0.112,-5.116,False,False
20261007,KOSPI,004090,한국석유,11730,73318,148902027600,11754.0,11693.0,11830.5,11309.833,0.11,3.53,False,False
20261007,KOSDAQ,386380,스카이랩스,15560,1104029,291936362120,17546.0,19913.0,22323.5,,0.097,-33.787,False,False
20261007,KOSDAQ,121440,골프존홀딩스,7660,5039,328130025880,7722.0,7692.0,7793.0,7283.0,0.096,8.652,False,False
20261007,KOSDAQ,201490,미투온,3405,791711,111424287030,3430.0,3575.5,3396.25,2612.617,0.096,30.21,False,False
20261007,KOSPI,014530,극동유화,3400,45300,118556028000,3364.0,3342.5,3349.75,3245.667,0.093,4.777,False,False
20261007,KOSPI,003830,대한화섬,107700,13,143025600000,108220.0,109300.0,111665.0,112781.667,0.088,-6.185,False,False
20261007,KOSDAQ,032940,원익,8760,198581,159372265560,9056.0,9109.0,9506.0,7187.167,0.087,-12.836,False,False
20261007,KOSDAQ,053260,금강철강,6880,305855,128793600000,7346.0,7186.0,7331.0,5855.167,0.08,14.096,False,False
20261007,KOSPI,010580,에스엠벡셀,2155,362956,239747542800,2251.0,2467.5,2445.05,1862.1,0.072,26.839,False,False
20261007,KOSDAQ,051980,중앙첨단소재,10000,57741,111091700000,6462.0,3748.5,2394.1,1452.767,0.066,900.0,True,False
20261007,KOSDAQ,377450,리파인,14130,7133,244872900000,14310.0,14431.0,15306.5,14121.833,0.066,-16.686,False,False
20261007,KOSDAQ,950190,고스트스튜디오,9770,5724,127176666430,9730.0,9760.0,9774.5,9484.667,0.044,3.936,False,False
20261007,KOSPI,101530,해태제과식품,5530,0,161016025660,5530.0,5530.0,5544.0,5583.167,0.0,-1.25,False,False
20261007,KOSDAQ,457550,우진엔텍,14130,0,131676876540,14038.0,14004.0,14199.0,14144.5,0.0,8.776,False,False
20261007,KOSPI,000300,DH오토넥스,4200,0,174035631000,4200.0,4200.0,4200.0,4200.0,,0.0,False,False
20261007,KOSDAQ,0010S0,와이즈플래닛컴퍼니,15830,581852,158617074900,18102.0,,,,,,False,False
20261007,KOSPI,001470,삼부토건,5820,0,227794235460,5820.0,5820.0,5820.0,2536.2,,0.0,False,False
20261007,KOSPI,001570,금양,9900,0,633275240400,9900.0,9900.0,9900.0,9900.0,,0.0,False,False
20261007,KOSDAQ,0035S0,빅웨이브로보틱스,27200,1602673,279355179200,32080.0,,,,,,False,False
20261007,KOSPI,011810,STX,3530,0,109493282310,3530.0,3530.0,3530.0,3530.0,,0.0,False,False
20261007,KOSDAQ,0161M0,네오사피엔스,13210,5316247,161371312450,15618.0,20721.0,,,,,False,False
20261007,KOSDAQ,016790,현대사료,994,0,187340898626,994.0,994.0,994.0,994.0,,0.0,False,False
20261007,KOSDAQ,036690,코맥스,2885,0,125692107675,2885.0,2885.0,2885.0,2885.0,,0.0,False,False
20261007,KOSDAQ,041590,플래스크,2370,0,116064014460,2370.0,2370.0,2370.0,2370.0,,0.0,False,False
20261007,KOSDAQ,066410,버킷스튜디오,1153,0,159637252154,1153.0,1153.0,1153.0,1153.0,,0.0,False,False
20261007,KOSDAQ,080720,한국유니온제약,2410,0,192441519730,2410.0,2410.0,2410.0,2588.5,,0.0,False,False
20261007,KOSPI,119650,KC코트렐,918,0,100782913662,918.0,918.0,918.0,918.0,,0.0,False,False
20261007,KOSDAQ,121800,비덴트,3320,0,256309348520,3320.0,3320.0,3320.0,3320.0,,0.0,False,False
20261007,KOSDAQ,182400,엔케이젠바이오텍코리아,3670,0,265496721770,3670.0,3670.0,3670.0,3670.0,,0.0,False,False
20261007,KOSDAQ,245620,EDGC,741,0,167118555474,741.0,741.0,741.0,741.0,,0.0,False,False
20261007,KOSDAQ,266690,덕산넵코어스,13790,2480188,260546729310,16170.0,,,,,,False,False
20261007,KOSDAQ,309710,아이티켐,21000,0,268443021000,21000.0,21000.0,21000.0,21000.0,,0.0,False,False
20261007,KOSPI,348950,제이알글로벌리츠,1182,0,233298432000,1182.0,1182.0,1182.0,1182.0,,0.0,False,False
20261007,KOSDAQ,377460,큐에이드,4080,0,253187202960,4080.0,4080.0,4080.0,4080.0,,0.0,False,False
20261007,KOSDAQ,380540,옵티코어,8450,0,206658126350,8450.0,8450.0,8450.0,8450.0,,0.0,False,False
20261007,KOSDAQ,468670,브릴스,25650,2591878,291477596850,,,,,,,False,False
20261007,KOSDAQ,486510,글로벌테크놀로지,12720,1983801,249898951680,15720.0,,,,,,False,False
