BAS_DD,ISU_CD,ISU_NM,TDD_CLSPRC,ACC_TRDVOL,MKTCAP,MARKET
20261007,0001A0,덕양에너젠,8640,46018,220051831680,KOSDAQ
20261007,000250,삼천당제약,241000,456608,5653250752000,KOSDAQ
20261007,000440,중앙에너비스,12500,12210,77839125000,KOSDAQ
20261007,0004V0,엔비알모션,6200,128820,68264380800,KOSDAQ
20261007,0004Y0,디비금융제14호스팩,2000,18146,10630000000,KOSDAQ
20261007,0007C0,아크릴,18370,88991,147517051880,KOSDAQ
20261007,0007J0,인벤테라,9780,67404,76926682920,KOSDAQ
20261007,0008Z0,에스엔시스,23850,21424,225062051400,KOSDAQ
20261007,0009K0,에임드바이오,25900,108074,1687065419900,KOSDAQ
20261007,001000,신라섬유,1729,16051,8395173332,KOSDAQ
20261007,0010F0,보원케미칼,2785,297762,31034928785,KOSDAQ
20261007,0010S0,와이즈플래닛컴퍼니,15830,581852,158617074900,KOSDAQ
20261007,0010V0,제이피아이헬스케어,9060,8831,46254924000,KOSDAQ
20261007,0011A0,액스비스,11150,179558,104071201000,KOSDAQ
20261007,0011T0,채비,5280,124875,247893840480,KOSDAQ
20261007,0013V0,삼진식품,5600,114344,55544473600,KOSDAQ
20261007,001540,안국약품,10210,48612,133163108200,KOSDAQ
20261007,0015G0,그린광학,15270,78376,178697801070,KOSDAQ
20261007,0015N0,아로마티카,10870,781852,136711142140,KOSDAQ
20261007,0015S0,페스카로,8170,53690,80611184100,KOSDAQ
20261007,0017J0,세미티에스,3370,1198272,101609008170,KOSDAQ
20261007,001810,무림SP,1118,18598,24749725000,KOSDAQ
20261007,001840,이화공영,2215,0,62588831935,KOSDAQ
20261007,002230,피에스텍,5170,29921,95236931900,KOSDAQ
20261007,002290,삼일기업공사,3345,4430,41478000000,KOSDAQ
20261007,002680,한탑,3925,218024,30442417750,KOSDAQ
20261007,002800,신신제약,4630,86673,70239415000,KOSDAQ
20261007,003100,선광,20300,11417,133980000000,KOSDAQ
20261007,003310,대주산업,1708,202837,60450133800,KOSDAQ
20261007,003380,하림지주,11470,692370,1284704472870,KOSDAQ
20261007,0035S0,빅웨이브로보틱스,27200,1602673,279355179200,KOSDAQ
20261007,0037T0,KB제32호스팩,1993,5523,12615690000,KOSDAQ
20261007,003800,에이스침대,31950,2101,354325500000,KOSDAQ
20261007,0039P0,매드업,8020,632967,150835348000,KOSDAQ
20261007,0041B0,교보18호스팩,2007,737,10115280000,KOSDAQ
20261007,0041J0,엘에스스팩1호,1993,1715,8191230000,KOSDAQ
20261007,0041L0,하나35호스팩,2000,49790,12060000000,KOSDAQ
20261007,0044K0,삼성스팩10호,1993,1073,14987360000,KOSDAQ
20261007,004590,한국가구,5360,19660,80400000000,KOSDAQ
20261007,004650,창해에탄올,9430,28535,86670045550,KOSDAQ
20261007,004780,대륙제관,4185,7053,66554887815,KOSDAQ
20261007,005160,동국산업,3850,609834,208841255700,KOSDAQ
20261007,005290,동진쎄미켐,51000,455447,2599476426000,KOSDAQ
20261007,0054V0,엔에이치스팩32호,1997,4635,12414350500,KOSDAQ
20261007,005670,푸드웰,6150,2728,61500000000,KOSDAQ
20261007,005710,대원산업,10490,19134,210194424000,KOSDAQ
20261007,005860,한일사료,2310,270615,91022512350,KOSDAQ
20261007,005990,매일홀딩스,10660,654,141759920640,KOSDAQ
20261007,006050,국영지앤엠,2750,31632,9596191000,KOSDAQ
20261007,006140,피제이전자,5740,485145,85325100000,KOSDAQ
20261007,006620,동구바이오제약,3600,67876,102473971200,KOSDAQ
20261007,006730,서부T&D,11820,742797,759753229860,KOSDAQ
20261007,0068Y0,비엔케이제3호스팩,1992,2005,8585520000,KOSDAQ
20261007,006910,보성파워텍,7190,865479,353243434560,KOSDAQ
20261007,006920,모헨즈,3005,16149,32814600000,KOSDAQ
20261007,0071M0,삼성스팩11호,1997,7561,11502720000,KOSDAQ
20261007,0072Z0,KB제33호스팩,1978,5254,15596530000,KOSDAQ
20261007,007330,푸른저축은행,9990,6259,150677172000,KOSDAQ
20261007,007370,진양제약,4015,21399,56750366805,KOSDAQ
20261007,007390,네이처셀,24700,110688,1591545883200,KOSDAQ
20261007,007530,와이엠,1813,21464,40346920803,KOSDAQ
20261007,007680,대원,3005,20277,39734327690,KOSDAQ
20261007,007720,소노스퀘어,1102,17624,22216419180,KOSDAQ
20261007,007770,한일화학,7870,298,27623700000,KOSDAQ
20261007,007820,엠엑스로보틱스,3455,57031,80582412645,KOSDAQ
20261007,0082N0,카나프테라퓨틱스,13140,42960,174769621200,KOSDAQ
20261007,008370,원풍,5270,18050,63240000000,KOSDAQ
20261007,008470,부스타,1630,9616,27399648000,KOSDAQ
20261007,008830,대동기어,6360,201003,121996985760,KOSDAQ
20261007,0088D0,메리츠제1호스팩,2075,174,12024625000,KOSDAQ
20261007,0088M0,메쥬,14940,170044,147633345000,KOSDAQ
20261007,0091W0,신영스팩11호,2050,185,12439400000,KOSDAQ
20261007,009300,삼아제약,13990,569,89116300000,KOSDAQ
20261007,0093G0,미래에셋비전스팩8호,1988,11919,12723200000,KOSDAQ
20261007,009520,포스코엠텍,13200,128768,549683679600,KOSDAQ
20261007,009620,삼보산업,4635,25803,16197512715,KOSDAQ
20261007,0096B0,삼성스팩12호,1982,3851,13041560000,KOSDAQ
20261007,0096D0,미래에셋비전스팩9호,1983,763,10906500000,KOSDAQ
20261007,009730,이렘,1993,47472,15895177479,KOSDAQ
20261007,009780,엠에스씨,7480,17836,131648000000,KOSDAQ
20261007,0097F0,미래에셋비전스팩10호,1990,3422,12935000000,KOSDAQ
20261007,0098T0,교보19호스팩,2005,10374,10827000000,KOSDAQ
20261007,0099W0,미래에셋비전스팩11호,1982,545,13874000000,KOSDAQ
20261007,0099X0,IBKS제25호스팩,2215,52046,13245700000,KOSDAQ
20261007,010170,대한광통신,17940,16404602,2789412740400,KOSDAQ
20261007,0101C0,하나36호스팩,1987,14611,15379380000,KOSDAQ
20261007,010240,흥국,5190,21505,60754140000,KOSDAQ
20261007,010280,아이티센엔텍,5800,127467,75543590600,KOSDAQ
20261007,010470,오리콤,5090,3413,60953004500,KOSDAQ
20261007,0105P0,유진스팩12호,2005,253,11348300000,KOSDAQ
20261007,011040,경동제약,5060,55574,155689955960,KOSDAQ
20261007,011080,형지I&C,430,184246,3051392660,KOSDAQ
20261007,011320,유니크,3955,18702,76413348725,KOSDAQ
20261007,011370,서한,3755,25346,75772043615,KOSDAQ
20261007,011560,세보엠이씨,23350,59256,235481761200,KOSDAQ
20261007,0115H0,삼성스팩13호,1996,5364,14670600000,KOSDAQ
20261007,0117P0,피스피스스튜디오,5570,34172,78920834270,KOSDAQ
20261007,012210,삼미금속,13720,18061287,316267663880,KOSDAQ
20261007,012340,뉴인텍,374,509239,8244752582,KOSDAQ
20261007,012620,원일특강,7130,3006,31372000000,KOSDAQ
20261007,012700,리드코프,2880,14800,74865173760,KOSDAQ
20261007,012790,신일제약,6530,27150,78271289950,KOSDAQ
20261007,012860,모베이스전자,2460,888642,180154304220,KOSDAQ
20261007,0129K0,신한제18호스팩,1979,861,11121980000,KOSDAQ
20261007,013030,하이록코리아,34800,13891,409531411200,KOSDAQ
20261007,0130D0,신한제17호스팩,1964,4344,10487760000,KOSDAQ
20261007,0130H0,엔에이치스팩33호,1995,1150,15361500000,KOSDAQ
20261007,013120,동원개발,2080,39981,188880848000,KOSDAQ
20261007,0131D0,키움히어로제2호스팩,1970,16894,12430700000,KOSDAQ
20261007,0132G0,교보20호스팩,1995,123,11910150000,KOSDAQ
20261007,013310,아진산업,2315,52670,89837237330,KOSDAQ
20261007,0134X0,대신밸런스제20호스팩,1985,8989,13378900000,KOSDAQ
20261007,013720,청보,2150,18483,26156100200,KOSDAQ
20261007,013810,스페코,1524,17510,22334936280,KOSDAQ
20261007,013990,아가방컴퍼니,5250,200423,172659564000,KOSDAQ
20261007,014100,메디앙스,1550,56965,18290000000,KOSDAQ
20261007,014190,원익큐브,1266,73637,44810159886,KOSDAQ
20261007,014470,부방,1057,84505,60301469480,KOSDAQ
20261007,014570,고려제약,3210,25223,35310000000,KOSDAQ
20261007,014620,성광벤드,29400,126029,780786501600,KOSDAQ
20261007,014940,오리엔탈정공,4450,106929,202802791450,KOSDAQ
20261007,014950,삼익제약,8100,850524,81547462800,KOSDAQ
20261007,014970,삼륭물산,4370,12181,64785250000,KOSDAQ
20261007,0155E0,해치텍,11450,141724,62827867500,KOSDAQ
20261007,0156T0,에이치엘지노믹스,8290,47420,64514114690,KOSDAQ
20261007,015710,코콤,2950,9473,51714975000,KOSDAQ
20261007,015750,성우하이텍,5920,111465,473600000000,KOSDAQ
20261007,016100,리더스코스메틱,1289,8503,24621052366,KOSDAQ
20261007,0161M0,네오사피엔스,13210,5316247,161371312450,KOSDAQ
20261007,016250,SGC E&C,11950,1290,60191982700,KOSDAQ
20261007,0164H0,한국제16호스팩,1953,6226,13182750000,KOSDAQ
20261007,0165X0,메리츠제2호스팩,1940,11626,14045600000,KOSDAQ
20261007,016600,큐캐피탈,2180,48095,30436290180,KOSDAQ
20261007,016670,디모아,2655,9208,27065691270,KOSDAQ
20261007,016790,현대사료,994,0,187340898626,KOSDAQ
20261007,016920,카스,1020,99641,26212706640,KOSDAQ
20261007,017000,신원종합개발,2355,32018,27478203585,KOSDAQ
20261007,017250,인터엠,1056,8974,22224013152,KOSDAQ
20261007,017480,삼현철강,4655,35805,71886652950,KOSDAQ
20261007,017510,세명전기,7670,172527,116936820000,KOSDAQ
20261007,017650,대림제지,10800,0,94878000000,KOSDAQ
20261007,017890,한국알콜,16080,87295,332429976480,KOSDAQ
20261007,018000,유니슨,1174,920274,342704778398,KOSDAQ
20261007,018120,진로발효,16680,581,110440281600,KOSDAQ
20261007,018290,브이티,13700,504237,478703180600,KOSDAQ
20261007,018310,삼목에스폼,14900,15196,219030000000,KOSDAQ
20261007,018620,우진비앤지,2695,7732,18684386490,KOSDAQ
20261007,018680,서울제약,1934,5652,22549122946,KOSDAQ
20261007,018700,졸스,1288,7741,21538270880,KOSDAQ
20261007,019010,베뉴지,4325,49461,208465000000,KOSDAQ
20261007,019210,와이지-원,12500,444908,464921600000,KOSDAQ
20261007,019540,일지테크,4975,14211,67229662500,KOSDAQ
20261007,019550,SBI인베스트먼트,909,100333,73231743366,KOSDAQ
20261007,019570,GMI벤처,2970,15419,28348661880,KOSDAQ
20261007,019660,글로본,1430,24806,19940396190,KOSDAQ
20261007,019770,서연탑메탈,3270,5301,38095500000,KOSDAQ
20261007,0197V0,엔에이치스팩34호,1917,68365,17348850000,KOSDAQ
20261007,019990,에너토크,5710,516871,55707262480,KOSDAQ
20261007,0200G0,한국제17호스팩,1907,150387,16590900000,KOSDAQ
20261007,020180,대신정보통신,3855,6937,29628693465,KOSDAQ
20261007,020400,대동금속,2560,7987,23228241920,KOSDAQ
20261007,020710,시공테크,3625,34698,72673891250,KOSDAQ
20261007,0209J0,KB제34호스팩,1905,112513,13735050000,KOSDAQ
20261007,021040,대호특수강,917,18210,19903277758,KOSDAQ
20261007,021045,대호특수강우,2000,2056,1696984000,KOSDAQ
20261007,021080,에이티넘인베스트,2045,77746,98160000000,KOSDAQ
20261007,021320,KCC건설,5520,7576,118128000000,KOSDAQ
20261007,021650,한국큐빅,1936,1429,31654689968,KOSDAQ
20261007,021880,메이슨캐피탈,1163,8664,24677045720,KOSDAQ
20261007,0218L0,네오뷰,12520,9014,66057711000,KOSDAQ
20261007,022220,티케이지애강,823,7682,42626938517,KOSDAQ
20261007,023160,태광,26700,147534,690655361400,KOSDAQ
20261007,023410,유진기업,3235,163424,250100641805,KOSDAQ
20261007,023440,제이스코홀딩스,521,0,46964378481,KOSDAQ
20261007,023600,삼보판지,9010,4079,144234783000,KOSDAQ
20261007,023760,한국캐피탈,1403,39644,221400117564,KOSDAQ
20261007,023770,플레이위드,2635,12451,23574014325,KOSDAQ
20261007,023790,동일스틸럭스,1573,244701,20558807984,KOSDAQ
20261007,023900,풍국주정,7140,6438,89964000000,KOSDAQ
20261007,023910,대한약품,25900,5844,155400000000,KOSDAQ
20261007,024060,흥구석유,12170,651050,182550000000,KOSDAQ
20261007,024120,KB오토시스,3060,3807,35190000000,KOSDAQ
20261007,024740,한일단조,2160,78523,71057625840,KOSDAQ
20261007,024800,유성티엔에스,4310,13703,151821344700,KOSDAQ
20261007,024830,세원물산,8040,10008,67134000000,KOSDAQ
20261007,024840,KBI메탈,6100,2768291,265144838700,KOSDAQ
20261007,024850,HLB이노베이션,17980,340333,621028678580,KOSDAQ
20261007,024880,케이피에프,3830,45085,76376419920,KOSDAQ
20261007,024910,경창산업,1500,31148,53728507500,KOSDAQ
20261007,024940,PN풍년,2065,27138,20650000000,KOSDAQ
20261007,024950,삼천리자전거,4170,11618,51708000000,KOSDAQ
20261007,025320,시노펙스,3990,191233,367960804470,KOSDAQ
20261007,025440,DH오토웨어,3195,895,31171199580,KOSDAQ
20261007,025550,한국선재,2365,62368,60340619460,KOSDAQ
20261007,025770,한국정보통신,7870,10544,294686412770,KOSDAQ
20261007,025870,신라에스지,1059,0,4236000000,KOSDAQ
20261007,025880,케이씨피드,2345,11972,39198687010,KOSDAQ
20261007,025900,동화기업,7350,61439,371596044750,KOSDAQ
20261007,025950,동신건설,10000,20060,84000000000,KOSDAQ
20261007,025980,아난티,4940,685661,480666890600,KOSDAQ
20261007,026040,제이에스티나,2175,51041,35895743250,KOSDAQ
20261007,026150,특수건설,3925,21753,68869349175,KOSDAQ
20261007,026910,광진실업,2330,194673,18472999580,KOSDAQ
20261007,027040,서울전자통신,2015,308139,28044304535,KOSDAQ
20261007,027050,코리아나,1307,110730,52280000000,KOSDAQ
20261007,027360,아주IB투자,3630,2712751,439757823780,KOSDAQ
20261007,027580,상보,1921,10298,22737445855,KOSDAQ
20261007,027710,팜스토리,1107,156369,123338176200,KOSDAQ
20261007,027830,대성창투,742,78592,40068000000,KOSDAQ
20261007,028080,휴맥스홀딩스,5170,0,12547900200,KOSDAQ
20261007,028300,HLB,45900,1070602,6113798435700,KOSDAQ
20261007,029480,광무,1360,104658,81218019520,KOSDAQ
20261007,030350,드래곤플라이,973,0,15171092867,KOSDAQ
20261007,030520,한컴,17530,147309,423870912320,KOSDAQ
20261007,030530,원익홀딩스,29050,791629,2243763348050,KOSDAQ
20261007,030960,양지사,4510,24209,72069800000,KOSDAQ
20261007,031310,아이즈비전,996,56014,29627664396,KOSDAQ
20261007,031330,에스에이엠티,8600,366228,859957576200,KOSDAQ
20261007,031510,오스템,1129,51718,31612000000,KOSDAQ
20261007,031860,디에이치엑스컴퍼니,6930,0,18714756060,KOSDAQ
20261007,031980,피에스케이홀딩스,204000,243032,4398728580000,KOSDAQ
20261007,032080,아즈텍WB,1010,0,21705939290,KOSDAQ
20261007,032190,다우데이타,18930,37458,725019000000,KOSDAQ
20261007,032280,삼일,1321,4240,21418152390,KOSDAQ
20261007,032300,한국파마,9030,1393918,98487510030,KOSDAQ
20261007,032500,케이엠더블유,20000,188904,843834020000,KOSDAQ
20261007,032540,TJ미디어,3770,2064,78783247010,KOSDAQ
20261007,032580,피델릭스,7750,610110,256773496000,KOSDAQ
20261007,032620,GC메디아이,3245,33418,169379716055,KOSDAQ
20261007,032680,소프트센,999,26291,23032825119,KOSDAQ
20261007,032685,소프트센우,6230,8183,444585260,KOSDAQ
20261007,032750,삼진,2910,2165,26280565020,KOSDAQ
20261007,032790,엠젠솔루션,1210,138152,31072928260,KOSDAQ
20261007,032800,판타지오,1496,2008,22600107904,KOSDAQ
20261007,032820,우리기술,12390,3145779,2140801342680,KOSDAQ
20261007,032850,비트컴퓨터,3975,66923,66077589675,KOSDAQ
20261007,032860,더라미,3150,32560,25449391800,KOSDAQ
20261007,032940,원익,8760,198581,159372265560,KOSDAQ
20261007,032960,동일기연,2660,64953,46797313500,KOSDAQ
20261007,033050,제이엠아이,806,6662,25662498368,KOSDAQ
20261007,033100,제룡전기,49150,160566,789467402350,KOSDAQ
20261007,033130,디지틀조선,1693,16028,62836147031,KOSDAQ
20261007,033160,엠케이전자,20250,1846426,497422174500,KOSDAQ
20261007,033170,시그네틱스,3335,168769,57180786105,KOSDAQ
20261007,033200,모아텍,2435,1314,22413028115,KOSDAQ
20261007,033230,인성정보,1119,110032,56526710220,KOSDAQ
20261007,033290,로젠,1521,20556,85413733821,KOSDAQ
20261007,033310,엠투엔,1439,25377,57520364184,KOSDAQ
20261007,033320,제이씨현시스템,3135,36139,59923744320,KOSDAQ
20261007,033340,좋은사람들,460,0,44597256680,KOSDAQ
20261007,033500,동성화인텍,15660,97709,469635476040,KOSDAQ
20261007,033540,파라텍,2820,20226,29466930120,KOSDAQ
20261007,033560,블루콤,5660,28540,96786000000,KOSDAQ
20261007,033640,네패스,31150,253028,718294142300,KOSDAQ
20261007,033790,피노,9880,1484285,849807975640,KOSDAQ
20261007,033830,티비씨,1704,2566,32217749520,KOSDAQ
20261007,034810,해성산업,5870,5854,185375492240,KOSDAQ
20261007,03481K,해성산업1우,5860,35,8071874580,KOSDAQ
20261007,034940,조아제약,2675,109365,16574206375,KOSDAQ
20261007,034950,한국기업평가,103400,1153,469489147600,KOSDAQ
20261007,035080,그래디언트,11490,53289,128390742210,KOSDAQ
20261007,035200,프럼파스트,2520,11591,23234352120,KOSDAQ
20261007,035290,골드앤에스,384,0,1830776832,KOSDAQ
20261007,035460,기산텔레콤,2620,99402,39091290800,KOSDAQ
20261007,035600,KG이니시스,9670,13413,266451376780,KOSDAQ
20261007,035610,솔본,4880,7216,133448465360,KOSDAQ
20261007,035620,바른손이앤에이,599,160651,11147340882,KOSDAQ
20261007,035760,CJ ENM,35250,49768,773002678500,KOSDAQ
20261007,035810,이지홀딩스,4485,133410,289355089725,KOSDAQ
20261007,035890,서희건설,2145,177507,445277409720,KOSDAQ
20261007,035900,JYP Ent.,38550,205130,1369777566600,KOSDAQ
20261007,036000,예림당,2690,15306,61962205130,KOSDAQ
20261007,036010,아비코전자,8110,81021,107805694740,KOSDAQ
20261007,036030,케이티알파,5040,31591,247056470640,KOSDAQ
20261007,036090,위지트,1410,201054,59996224740,KOSDAQ
20261007,036120,서울평가정보,1530,58093,53771850000,KOSDAQ
20261007,036170,에이치엠넥스,3200,192420,196370003200,KOSDAQ
20261007,036190,금화피에스시,33450,4551,200700000000,KOSDAQ
20261007,036200,유니셈,10720,176471,328720470560,KOSDAQ
20261007,036220,오상헬스케어,6790,328313,97160934640,KOSDAQ
20261007,036480,대성미생물,6030,4060,22914000000,KOSDAQ
20261007,036540,SFA반도체,11340,4278435,1864979836020,KOSDAQ
20261007,036560,KZ정밀,11900,4558,187425000000,KOSDAQ
20261007,036620,감성코퍼레이션,3835,196910,344624390240,KOSDAQ
20261007,036630,세종텔레콤,7750,1969,108500000000,KOSDAQ
20261007,036640,HRS,5060,61622,82755288000,KOSDAQ
20261007,036670,삼양케이씨아이,5060,24490,54446612000,KOSDAQ
20261007,036690,코맥스,2885,0,125692107675,KOSDAQ
20261007,036710,심텍홀딩스,5080,214475,268364990320,KOSDAQ
20261007,036800,나이스정보통신,8180,79607,372190000000,KOSDAQ
20261007,036810,에프에스티,34500,127157,746917720500,KOSDAQ
20261007,036830,솔브레인홀딩스,47150,53303,966762704150,KOSDAQ
20261007,036890,진성티이씨,11230,39089,247426356290,KOSDAQ
20261007,036930,주성엔지니어링,247500,2427490,11504077447500,KOSDAQ
20261007,037030,파워넷,3950,686058,100776318400,KOSDAQ
20261007,037070,파세코,6810,82058,136200000000,KOSDAQ
20261007,037230,한국팩키지,1330,19141,39634434910,KOSDAQ
20261007,037330,인지디스플레,726,42936,31860672624,KOSDAQ
20261007,037350,성도이엔지,8370,253530,127307700000,KOSDAQ
20261007,037370,EG,4330,8929,37346128760,KOSDAQ
20261007,037400,우리엔터프라이즈,3335,9578,17490971115,KOSDAQ
20261007,037440,희림,4065,78494,56594860875,KOSDAQ
20261007,037460,삼지전자,31250,38953,509953812500,KOSDAQ
20261007,037760,쎄니트,2500,11616,84582302500,KOSDAQ
20261007,037950,엘컴텍,2715,12672,45855000645,KOSDAQ
20261007,038010,제일테크노스,5500,5090,49500000000,KOSDAQ
20261007,038060,루멘스바이오스,689,0,33143014541,KOSDAQ
20261007,038070,서린바이오,4115,15025,38272281740,KOSDAQ
20261007,038110,에코플라스틱,2035,112345,83779667950,KOSDAQ
20261007,038290,마크로젠,12470,29293,135192258000,KOSDAQ
20261007,038390,레드캡투어,9920,3920,165870554240,KOSDAQ
20261007,038460,바이오스마트,2870,81037,72537935540,KOSDAQ
20261007,038500,삼표시멘트,7820,19643368,843905512920,KOSDAQ
20261007,038530,케이바이오랩스,3880,5363,20090733120,KOSDAQ
20261007,038540,상상인,1958,27925,108332836854,KOSDAQ
20261007,038620,위즈코프,2120,9043,32109293160,KOSDAQ
20261007,038680,에스넷,3900,67795,77659303800,KOSDAQ
20261007,038870,에코심플렉스,2110,8169,29571542390,KOSDAQ
20261007,038880,아이에이,3630,18838,27277355490,KOSDAQ
20261007,038950,파인디지털,2840,643,28998572600,KOSDAQ
20261007,039010,현대에이치티,8170,85059,70466250000,KOSDAQ
20261007,039020,이건홀딩스,2605,99374,58833166945,KOSDAQ
20261007,039030,이오테크닉스,518000,143776,6381526900000,KOSDAQ
20261007,039200,오스코텍,39700,149742,1518849587200,KOSDAQ
20261007,039240,경남스틸,1963,18260,52960962652,KOSDAQ
20261007,039290,인포뱅크,4150,1999,36080008700,KOSDAQ
20261007,039310,세중,1199,38497,21727878733,KOSDAQ
20261007,039340,한국경제TV,4815,892,105930000000,KOSDAQ
20261007,039420,케이엘넷,2650,32833,60809534100,KOSDAQ
20261007,039440,에스티아이,24250,193413,376045889750,KOSDAQ
20261007,039560,다산네트웍스,2885,372841,123733230180,KOSDAQ
20261007,039610,화성밸브,6560,132523,68292224000,KOSDAQ
20261007,039740,한국정보공학,2920,11962,23413719240,KOSDAQ
20261007,039830,오로라,15100,35405,162519639000,KOSDAQ
20261007,039840,디오,9900,44353,132816697200,KOSDAQ
20261007,039860,나노엔텍,4590,370364,174847113270,KOSDAQ
20261007,039980,폴라리스AI,5080,47806,73056567120,KOSDAQ
20261007,040160,누리플렉스,6150,10968,73082608650,KOSDAQ
20261007,040300,YTN,2260,82842,107749974800,KOSDAQ
20261007,040350,크레오에스지,3450,64713,68503876200,KOSDAQ
20261007,040420,정상제이엘에스,5840,8183,91556903680,KOSDAQ
20261007,040610,SG&G,3225,14631,54965603550,KOSDAQ
20261007,040910,아이씨디,4195,6651,76241083625,KOSDAQ
20261007,041020,폴라리스오피스,3140,168493,156007110020,KOSDAQ
20261007,041190,우리기술투자,6080,1617343,485184000000,KOSDAQ
20261007,041440,현대에버다임,6330,75839,112938036960,KOSDAQ
20261007,041460,한국전자인증,3365,40024,62017316785,KOSDAQ
20261007,041510,에스엠,79000,78309,1808680510000,KOSDAQ
20261007,041520,이엘씨,12730,17709,155162532900,KOSDAQ
20261007,041590,플래스크,2370,0,116064014460,KOSDAQ
20261007,041830,인바디,53100,74199,715834834200,KOSDAQ
20261007,041910,폴라리스AI파마,5940,88517,78903099000,KOSDAQ
20261007,041920,메디아나,10370,71972,192863572510,KOSDAQ
20261007,041930,SY동아,4965,11842,75468000000,KOSDAQ
20261007,041960,코미팜,11000,731843,820800211000,KOSDAQ
20261007,042000,카페24,22550,386097,545217710950,KOSDAQ
20261007,042040,케이피엠테크,5080,8007,44048634280,KOSDAQ
20261007,042110,에스씨디,1081,269368,52244258684,KOSDAQ
20261007,042370,비츠로테크,10720,1271567,280864268000,KOSDAQ
20261007,042420,네오위즈홀딩스,21150,13616,172209285450,KOSDAQ
20261007,042500,링네트,4350,38548,96966476400,KOSDAQ
20261007,042510,라온시큐어,16710,18485888,185578385880,KOSDAQ
20261007,042520,한스바이오메드,22600,113619,322306894200,KOSDAQ
20261007,042600,새로닉스,11880,22003,147592059120,KOSDAQ
20261007,042940,상지건설,5380,32502,36738470560,KOSDAQ
20261007,043100,알파AI,520,0,10457241600,KOSDAQ
20261007,043150,바텍,17420,30635,258761139520,KOSDAQ
20261007,043200,파루,1270,106405,26545739390,KOSDAQ
20261007,043220,티에스넥스젠,1710,0,28191099330,KOSDAQ
20261007,043260,성호전자,32650,5477695,2463502837200,KOSDAQ
20261007,043340,에쎈테크,588,30443,27930000000,KOSDAQ
20261007,043360,디지아이,2300,4011,20700000000,KOSDAQ
20261007,043370,피에이치에이,11060,28456,232260000000,KOSDAQ
20261007,043590,웰킵스하이텍,1625,63223,22048619125,KOSDAQ
20261007,043610,KT지니뮤직,1055,0,61311787090,KOSDAQ
20261007,043650,국순당,3495,20137,62414772480,KOSDAQ
20261007,043710,코스리거글로벌,3070,4629,53149381140,KOSDAQ
20261007,043910,자연과환경,3210,15007,36398655450,KOSDAQ
20261007,044180,KD,205,0,5477148795,KOSDAQ
20261007,044340,위닉스,2725,51070,48705083125,KOSDAQ
20261007,044480,빌리언스,3145,10636,20914825535,KOSDAQ
20261007,044490,태웅,36750,103518,735271251750,KOSDAQ
20261007,044780,에이치케이,1311,11502,24261086757,KOSDAQ
20261007,044960,이글벳,3190,382443,40327606770,KOSDAQ
20261007,044990,에이치엔에스하이텍,11820,11500,90841723500,KOSDAQ
20261007,045060,오공,2105,61587,35662855270,KOSDAQ
20261007,045100,한양이엔지,33600,64361,588000000000,KOSDAQ
20261007,045300,성우테크론,3055,59758,32221121660,KOSDAQ
20261007,045340,토탈소프트,6740,8216,57681189600,KOSDAQ
20261007,045390,대아티아이,3015,410207,212477231655,KOSDAQ
20261007,045510,정원엔시스,1244,78832,39161066508,KOSDAQ
20261007,045520,크린앤사이언스,3255,7677,21157500000,KOSDAQ
20261007,045660,에이텍,8650,20776,71449000000,KOSDAQ
20261007,045970,코아시아,3735,57643,98286061860,KOSDAQ
20261007,046120,오르비텍,5180,588425,175371142940,KOSDAQ
20261007,046210,HLB파나진,1365,387819,62145665400,KOSDAQ
20261007,046310,백금T&A,2360,8979,38747992760,KOSDAQ
20261007,046390,삼화네트웍스,2135,11110,36869684355,KOSDAQ
20261007,046440,KG파이낸셜,4020,25960,145726551720,KOSDAQ
20261007,046890,서울반도체,10400,157614,606376160000,KOSDAQ
20261007,046940,우원개발,2745,39781,49614090750,KOSDAQ
20261007,046970,우리로,8220,2852357,360241491780,KOSDAQ
20261007,047080,한빛소프트,1083,24881,26882618046,KOSDAQ
20261007,047310,파워로직스,3255,75383,119168007525,KOSDAQ
20261007,047560,이스트소프트,8010,34233,94142186820,KOSDAQ
20261007,047770,코데즈컴바인,3490,304192,132070680980,KOSDAQ
20261007,047820,초록뱀미디어,3180,3208,77763497400,KOSDAQ
20261007,047920,HLB제약,12570,4144391,547570418160,KOSDAQ
20261007,048410,현대바이오,7290,1314546,703525619880,KOSDAQ
20261007,048430,유라테크,5810,17976,66931200000,KOSDAQ
20261007,048470,대동스틸,2820,22348,27213000000,KOSDAQ
20261007,048530,인트론바이오,2885,286805,89122721830,KOSDAQ
20261007,048550,SM C&C,962,1844949,93039464440,KOSDAQ
20261007,048770,TPC로보틱스,4010,285875,62948943910,KOSDAQ
20261007,048830,엔피케이,1031,51479,19304364613,KOSDAQ
20261007,048870,시너지이노베이션,1605,106063,141411675615,KOSDAQ
20261007,048910,대원미디어,7370,50913,92706832020,KOSDAQ
20261007,049070,인탑스,18740,36710,295010702000,KOSDAQ
20261007,049080,기가레인,9480,297894,80469406320,KOSDAQ
20261007,049120,파인디앤씨,2900,9483,36796998000,KOSDAQ
20261007,049180,셀루메드,1009,0,83975227728,KOSDAQ
20261007,049430,코메론,21900,24991,198151200000,KOSDAQ
20261007,049470,비트플래닛,2610,20098,61452186390,KOSDAQ
20261007,049480,오픈베이스,1985,224598,62373430255,KOSDAQ
20261007,049520,유아이엘,3710,41460,114426138750,KOSDAQ
20261007,049550,잉크테크,3460,14366,67837718420,KOSDAQ
20261007,049630,재영솔루텍,7050,179325,164724229950,KOSDAQ
20261007,049720,고려신용정보,9090,10469,129987000000,KOSDAQ
20261007,049830,승일,6450,152,39552122400,KOSDAQ
20261007,049950,미래컴퍼니,11080,16050,97702154720,KOSDAQ
20261007,049960,쎌바이오텍,15220,6310,143068000000,KOSDAQ
20261007,050090,비케이홀딩스,696,0,16380175560,KOSDAQ
20261007,050110,캠시스,5040,106812,29458618560,KOSDAQ
20261007,050120,ES큐브,3300,1646,44761483800,KOSDAQ
20261007,050760,에스폴리텍,1209,88237,19748625702,KOSDAQ
20261007,050860,아세아텍,1704,5810,38340000000,KOSDAQ
20261007,050890,쏠리드,10100,1245734,613640993400,KOSDAQ
20261007,050960,수산아이앤티,8900,1987,60083900000,KOSDAQ
20261007,051160,지어소프트,13780,218284,185790889440,KOSDAQ
20261007,051360,토비스,11680,8239,109331948160,KOSDAQ
20261007,051370,인터플렉스,7120,198144,166091600640,KOSDAQ
20261007,051380,피씨디렉트,1503,6889,23056128216,KOSDAQ
20261007,051390,YW,4025,23028,45705356200,KOSDAQ
20261007,051490,나라엠앤디,2660,10568,37772000000,KOSDAQ
20261007,051500,CJ프레시웨이,21850,3490,259394154100,KOSDAQ
20261007,051780,큐로홀딩스,2410,35321,18316057840,KOSDAQ
20261007,051980,중앙첨단소재,10000,57741,111091700000,KOSDAQ
20261007,052020,에스티큐브,7730,88665,525510839430,KOSDAQ
20261007,052220,iMBC,1640,18154,37720000000,KOSDAQ
20261007,052260,현대바이오랜드,4985,856693,149550000000,KOSDAQ
20261007,052300,오션인더블유,1567,32822,25454548576,KOSDAQ
20261007,052330,코텍,10460,9516,185786220940,KOSDAQ
20261007,052400,코나아이,35950,38888,523550311450,KOSDAQ
20261007,052420,오성첨단소재,9700,13854,94497487300,KOSDAQ
20261007,052460,아이크래프트,5980,173465,87355457280,KOSDAQ
20261007,052600,한네트,2815,12071,32551815500,KOSDAQ
20261007,052710,아모텍,21800,673380,407241440000,KOSDAQ
20261007,052770,아이톡시,312,0,4545457488,KOSDAQ
20261007,052790,액토즈소프트,4695,40266,51290748165,KOSDAQ
20261007,052860,아이앤씨,7520,41119,134358742080,KOSDAQ
20261007,052900,KX하이텍,1233,623272,94531754970,KOSDAQ
20261007,053030,바이넥스,6510,33953,212774063880,KOSDAQ
20261007,053050,지에스이,1888,73318,56616583136,KOSDAQ
20261007,053060,세동,1230,37624,21718625370,KOSDAQ
20261007,053080,케이엔솔,9320,51935,121158201240,KOSDAQ
20261007,053160,프리엠스,8600,12874,51600000000,KOSDAQ
20261007,053260,금강철강,6880,305855,128793600000,KOSDAQ
20261007,053270,구영테크,1928,14071,52847260840,KOSDAQ
20261007,053280,예스24,2805,13964,70125000000,KOSDAQ
20261007,053290,NE능률,1475,14085,24376302825,KOSDAQ
20261007,053300,한국정보인증,5380,295383,212860485480,KOSDAQ
20261007,053350,이니텍,4850,108040,106802165250,KOSDAQ
20261007,053450,세코닉스,3280,39380,48520393840,KOSDAQ
20261007,053580,웹케시,7150,9145,92624217400,KOSDAQ
20261007,053610,프로텍,80700,81015,726300000000,KOSDAQ
20261007,053620,태양,6650,40699,57190000000,KOSDAQ
20261007,053700,삼보모터스,3940,72235,105260082580,KOSDAQ
20261007,053800,안랩,77700,249607,864529516200,KOSDAQ
20261007,053950,경남제약,2085,253013,40906968165,KOSDAQ
20261007,053980,오상자이엘,2450,55572,46507818350,KOSDAQ
20261007,054040,한국컴퓨터,4415,4501,70954745350,KOSDAQ
20261007,054050,NH농우바이오,7100,8602,113816983100,KOSDAQ
20261007,054090,삼진엘앤디,1008,86771,25158905856,KOSDAQ
20261007,054180,메디콕스,2295,0,12686716395,KOSDAQ
20261007,054210,이랜텍,7180,127735,181590887800,KOSDAQ
20261007,054220,비츠로시스,1700,39545,21404047200,KOSDAQ
20261007,054300,팬스타엔터프라이즈,970,325984,56961741650,KOSDAQ
20261007,054410,케이피티유,2505,57145,14344742220,KOSDAQ
20261007,054450,텔레칩스,10160,67655,153865407280,KOSDAQ
20261007,054540,삼영엠텍,7070,100547,91910000000,KOSDAQ
20261007,054620,APS,3970,21000,73025057370,KOSDAQ
20261007,054670,대한뉴팜,5600,14694,80387552000,KOSDAQ
20261007,054780,키이스트,2195,92125,43148855635,KOSDAQ
20261007,054800,아이디스홀딩스,14410,6484,149111163960,KOSDAQ
20261007,054920,한컴위드,5270,1886401,148704016870,KOSDAQ
20261007,054930,유신,17460,5300,52380000000,KOSDAQ
20261007,054940,엑사이엔씨,3400,59105,22558010600,KOSDAQ
20261007,054950,제이브이엠,24350,12329,294388870200,KOSDAQ
20261007,056080,유진로봇,12210,364856,466855284060,KOSDAQ
20261007,056090,시지메드텍,6100,143335,125976022700,KOSDAQ
20261007,056190,SFA,31050,146085,1114966998000,KOSDAQ
20261007,056360,코위버,6460,178350,63287328000,KOSDAQ
20261007,056700,신화인터텍,1410,38788,41080478310,KOSDAQ
20261007,056730,CNT85,1350,138254,20010019950,KOSDAQ
20261007,057030,YBM넷,2085,8353,34011973245,KOSDAQ
20261007,057540,옴니시스템,602,0,35755349336,KOSDAQ
20261007,057680,티사이언티픽,1611,28924,25442376399,KOSDAQ
20261007,058110,멕아이씨에스,1690,731743,27125395700,KOSDAQ
20261007,058400,KNN,5880,2573,77868675360,KOSDAQ
20261007,058450,한주에이알티,599,243416,3233385228,KOSDAQ
20261007,058470,리노공업,85200,1083550,6493249620000,KOSDAQ
20261007,058610,에스피지,99900,202238,2215518264000,KOSDAQ
20261007,058630,엠게임,3980,14850,74714844520,KOSDAQ
20261007,058820,CMG제약,562,0,83245438472,KOSDAQ
20261007,058970,엠로,16340,18973,202008053960,KOSDAQ
20261007,059090,미코,22850,250668,763573377300,KOSDAQ
20261007,059100,아이컴포넌트,6500,22560,45960590000,KOSDAQ
20261007,059120,아진엑스텍,7500,464261,137325495000,KOSDAQ
20261007,059210,메타바이오메드,3740,44148,101621204300,KOSDAQ
20261007,059270,해성에어로보틱스,5200,22898,58059554800,KOSDAQ
20261007,060150,인선이엔티,2980,13339,135779563760,KOSDAQ
20261007,060230,제이케이시냅스,1344,51529,26268772992,KOSDAQ
20261007,060250,NHN KCP,13520,155156,542971460720,KOSDAQ
20261007,060260,뉴보텍,835,121873,11140867260,KOSDAQ
20261007,060280,큐렉소,8680,242882,358134977200,KOSDAQ
20261007,060310,3S,1188,109428,63034139520,KOSDAQ
20261007,060370,LS마린솔루션,33900,210934,1770897150600,KOSDAQ
20261007,060380,동양에스텍,1298,4741,25570600000,KOSDAQ
20261007,060480,국일신동,1117,409407,12387530000,KOSDAQ
20261007,060540,에스에이티,1331,14013,34782935154,KOSDAQ
20261007,060560,HC홈센타,1934,6624,49100393934,KOSDAQ
20261007,060570,드림어스컴퍼니,4995,1899,74027468430,KOSDAQ
20261007,060590,씨티씨바이오,3020,25444,73026680400,KOSDAQ
20261007,060720,KH바텍,11630,61073,275368650460,KOSDAQ
20261007,060850,영림원소프트랩,4265,17275,34678715000,KOSDAQ
20261007,060900,에이전트AI,1763,333855,11536694718,KOSDAQ
20261007,061040,알에프텍,7280,4309,65871063440,KOSDAQ
20261007,061090,세나테크놀로지,43700,46147,238931935000,KOSDAQ
20261007,061250,화일약품,6440,10889,54209240960,KOSDAQ
20261007,061970,LB세미콘,4690,300937,328689298140,KOSDAQ
20261007,062970,한국첨단소재,3215,6481287,96843589945,KOSDAQ
20261007,063080,컴투스홀딩스,12370,14274,81582525040,KOSDAQ
20261007,063170,서울옥션,5570,11596,99002667190,KOSDAQ
20261007,063440,SM Life Design,1084,59050,49126190576,KOSDAQ
20261007,063570,NICE인프라,3275,5137,111833809200,KOSDAQ
20261007,063760,이엘피,2150,52945,20049029500,KOSDAQ
20261007,064090,인크레더블버즈,798,0,39694710510,KOSDAQ
20261007,064240,홈캐스트,1699,72139,58945532449,KOSDAQ
20261007,064260,다날,4530,500110,342673920210,KOSDAQ
20261007,064290,인텍플러스,58500,260955,760405113000,KOSDAQ
20261007,064480,브리지텍,2580,16697,30837450000,KOSDAQ
20261007,064520,테크엘,1499,10649,33504241938,KOSDAQ
20261007,064550,바이오니아,8700,217901,224549531700,KOSDAQ
20261007,064760,티씨케이,285000,74756,3186133560000,KOSDAQ
20261007,064800,포니링크,2140,53239,54701522260,KOSDAQ
20261007,064820,케이프,7890,21795,243487096350,KOSDAQ
20261007,064850,에프앤가이드,20450,50678,233341289400,KOSDAQ
20261007,065060,지엔코,3400,31718,20367312400,KOSDAQ
20261007,065130,탑엔지니어링,3050,64587,48812200000,KOSDAQ
20261007,065150,대산F&B,1261,92094,20098120640,KOSDAQ
20261007,065170,비엘팜텍,2390,1367592,66713965270,KOSDAQ
20261007,065350,신성델타테크,32500,69167,893228310000,KOSDAQ
20261007,065370,위세아이텍,3170,17594,23407134180,KOSDAQ
20261007,065420,에스아이리소스,940,0,7283384140,KOSDAQ
20261007,065440,이루온,1602,415004,43694582040,KOSDAQ
20261007,065450,빅텍,2960,389863,87307576880,KOSDAQ
20261007,065500,오리엔트정공,1027,188845,36707970624,KOSDAQ
20261007,065510,휴비츠,7240,153273,78755959800,KOSDAQ
20261007,065530,와이어블,1480,757654,70801363320,KOSDAQ
20261007,065570,삼영이엔씨,764,0,12295692232,KOSDAQ
20261007,065650,하이퍼코퍼레이션,1474,45519,16134384838,KOSDAQ
20261007,065660,안트로젠,16210,86829,162198881000,KOSDAQ
20261007,065680,우주일렉트로,23750,8569,214711186250,KOSDAQ
20261007,065690,파커스,1937,16575,23272100059,KOSDAQ
20261007,065710,서호전기,43350,3083,223252500000,KOSDAQ
20261007,065770,CS,881,166348,9263771384,KOSDAQ
20261007,065950,웰크론,1220,494646,34442188440,KOSDAQ
20261007,066130,하츠,3490,14347,44672000000,KOSDAQ
20261007,066310,큐에스아이,8610,93325,79828656810,KOSDAQ
20261007,066360,체리부로,1453,21753,34837138171,KOSDAQ
20261007,066410,버킷스튜디오,1153,0,159637252154,KOSDAQ
20261007,066430,아이로보틱스,2005,195779,78502719380,KOSDAQ
20261007,066590,스모트로닉,2275,64088,87992306675,KOSDAQ
20261007,066620,국보디자인,25100,16272,188250000000,KOSDAQ
20261007,066670,디티씨,3295,22915,61589869810,KOSDAQ
20261007,066700,테라젠이텍스,2265,42385,84150131640,KOSDAQ
20261007,066790,씨씨에스,2205,0,97355245995,KOSDAQ
20261007,066900,디에이피,1784,4077,40576193352,KOSDAQ
20261007,066910,손오공,1720,38302,26465007040,KOSDAQ
20261007,066980,한성크린텍,1566,496271,84205703898,KOSDAQ
20261007,067000,조이시티,1189,298834,83115197294,KOSDAQ
20261007,067010,이씨에스,2545,30396,27711232500,KOSDAQ
20261007,067080,대화제약,12130,55505,225819964500,KOSDAQ
20261007,067160,SOOP,36400,21214,407257468800,KOSDAQ
20261007,067170,오텍,2670,534282,73337122290,KOSDAQ
20261007,067280,멀티캠퍼스,26150,6672,154985270850,KOSDAQ
20261007,067290,JW신약,2860,7448000,160266114580,KOSDAQ
20261007,067310,하나마이크론,50700,1405683,3371087058300,KOSDAQ
20261007,067370,선바이오,5520,2797,67420402320,KOSDAQ
20261007,067390,아스트,5590,32731,235427081630,KOSDAQ
20261007,067570,엔브이에이치코리아,1654,47488,69749180000,KOSDAQ
20261007,067630,HLB생명과학,4185,498339,510222887730,KOSDAQ
20261007,067730,로지시스,2155,9086,20847301910,KOSDAQ
20261007,067770,세진티에스,1031,0,8656887383,KOSDAQ
20261007,067900,와이엔텍,5860,14413,106650001740,KOSDAQ
20261007,067920,이글루,6360,171046,69935316840,KOSDAQ
20261007,067990,도이치모터스,4015,52651,117163923250,KOSDAQ
20261007,068050,팬엔터테인먼트,1022,129531,28303345672,KOSDAQ
20261007,068100,케이웨더,2360,1533,28148984960,KOSDAQ
20261007,068240,다원시스,2530,0,96553495610,KOSDAQ
20261007,068330,일신바이오,1021,34817,45144678940,KOSDAQ
20261007,068760,셀트리온제약,40100,45381,1780533513200,KOSDAQ
20261007,068790,DMS,8230,69096,182575340520,KOSDAQ
20261007,068930,디지털대성,9200,29451,254613146400,KOSDAQ
20261007,068940,셀피글로벌,778,0,35720093048,KOSDAQ
20261007,069080,웹젠,12110,111370,375005223250,KOSDAQ
20261007,069140,누리플랜,1751,8900,26432752804,KOSDAQ
20261007,069330,유아이디,1193,27324,20224420782,KOSDAQ
20261007,069410,엔텔스,2555,14725,26175525320,KOSDAQ
20261007,069510,에스텍,13510,3245,147394100000,KOSDAQ
20261007,069540,빛과전자,5210,47620986,587124783370,KOSDAQ
20261007,069920,엑시온그룹,1399,281586,33742785982,KOSDAQ
20261007,070300,퀀텀레일,661,9573911,23481845869,KOSDAQ
20261007,070590,인티큐브,2130,7254,29563379730,KOSDAQ
20261007,071200,인피니트헬스케어,11430,124208,278851514940,KOSDAQ
20261007,071280,로체시스템즈,9100,134304,139199087300,KOSDAQ
20261007,071670,에이테크솔루션,5500,16251,55000000000,KOSDAQ
20261007,071850,캐스텍코리아,1218,426,29549822484,KOSDAQ
20261007,072020,중앙백신,9210,9748,85254953010,KOSDAQ
20261007,072470,우리산업홀딩스,2370,2431,44762998170,KOSDAQ
20261007,072770,멤레이비티,612,0,25405403976,KOSDAQ
20261007,072870,메가스터디,13170,6702,156999030030,KOSDAQ
20261007,072950,빛샘전자,16240,1874154,130774386400,KOSDAQ
20261007,072990,에이치시티,3130,12341,45379384780,KOSDAQ
20261007,073010,케이에스피,3070,172731,123387137500,KOSDAQ
20261007,073110,엘엠에스,5160,3232,45902095800,KOSDAQ
20261007,073190,듀오백,1622,0,19412160880,KOSDAQ
20261007,073490,LIG아큐버,33450,54713,254348648700,KOSDAQ
20261007,073540,에프알텍,2755,25772,31407000000,KOSDAQ
20261007,073560,우리손에프앤지,1507,25338,104341128001,KOSDAQ
20261007,073570,리튬포어스,2690,90217,32380412320,KOSDAQ
20261007,073640,테라사이언스,654,0,76111715580,KOSDAQ
20261007,074430,아미노로직스,1040,98573,92915671680,KOSDAQ
20261007,074600,원익QnC,31600,164461,830700800000,KOSDAQ
20261007,075130,플랜티넷,2130,9989,34340541600,KOSDAQ
20261007,075970,동국알앤에스,1673,3432,30783200000,KOSDAQ
20261007,076080,웰크론한텍,1013,39231,22887880028,KOSDAQ
20261007,076610,해성옵틱스,1150,603811,70051135650,KOSDAQ
20261007,077360,덕산하이메탈,13780,809978,626121887560,KOSDAQ
20261007,078020,LS증권,6470,25383,358963299300,KOSDAQ
20261007,078070,유비쿼스홀딩스,9240,17126,157623709320,KOSDAQ
20261007,078130,국일제지,3800,114872,428414230600,KOSDAQ
20261007,078140,대봉엘에스,7620,13571,84479731980,KOSDAQ
20261007,078150,HB테크놀러지,2330,1517468,221167789340,KOSDAQ
20261007,078160,메디포스트,9990,64673,391653983970,KOSDAQ
20261007,078340,컴투스,36900,40571,446169449700,KOSDAQ
20261007,078350,한양디지텍,36400,369710,554895504800,KOSDAQ
20261007,078590,휴림에이텍,2740,24271,27368026940,KOSDAQ
20261007,078600,대주전자재료,112000,210417,1758863456000,KOSDAQ
20261007,078860,아이오케이이엔엠,2930,13749,18099160840,KOSDAQ
20261007,078890,가온그룹,4540,58286,83649241220,KOSDAQ
20261007,079000,와토스코리아,3545,5501,25524000000,KOSDAQ
20261007,079170,한창산업,5600,1426,29120000000,KOSDAQ
20261007,079190,케스피온,1724,112676,35068859784,KOSDAQ
20261007,079370,제우스,14070,297307,436409049300,KOSDAQ
20261007,079650,서산,5400,549863,108000000000,KOSDAQ
20261007,079810,APS이노베이션,3700,48334,79653947800,KOSDAQ
20261007,079940,가비아,39000,12718,523406676000,KOSDAQ
20261007,079950,인베니아,1487,34775,20519261700,KOSDAQ
20261007,079960,동양이엔피,16580,27681,125206489640,KOSDAQ
20261007,079970,투비소프트,596,0,7646223464,KOSDAQ
20261007,080010,이상네트웍스,7400,680,72779525400,KOSDAQ
20261007,080160,모두투어,7970,39589,150633000000,KOSDAQ
20261007,080220,제주반도체,84700,2033028,2917307955100,KOSDAQ
20261007,080420,모다이노칩,1595,280,127155987090,KOSDAQ
20261007,080470,성창오토텍,2705,21948,19746500000,KOSDAQ
20261007,080520,오디텍,2825,16379,31985828025,KOSDAQ
20261007,080530,코디,2420,11046,26793475280,KOSDAQ
20261007,080580,오킨스전자,28150,366952,593710383250,KOSDAQ
20261007,080720,한국유니온제약,2410,0,192441519730,KOSDAQ
20261007,081150,티플랙스,2610,47886,63340529220,KOSDAQ
20261007,081180,쎄크,6520,104335,57542488200,KOSDAQ
20261007,081580,성우전자,2400,82925,37219543200,KOSDAQ
20261007,082210,옵트론텍,1816,49515,63493407280,KOSDAQ
20261007,082270,젬백스,11090,96949,504379709830,KOSDAQ
20261007,082800,비보존 제약,3030,197810,183980587980,KOSDAQ
20261007,082850,우리바이오,4575,15091,44337766125,KOSDAQ
20261007,082920,비츠로셀,29550,184510,1333871545350,KOSDAQ
20261007,083310,엘오티베큠,12850,101036,228858924050,KOSDAQ
20261007,083450,GST,56200,145214,1035766000000,KOSDAQ
20261007,083470,이엠앤아이,994,241932,21212287026,KOSDAQ
20261007,083500,에프엔에스테크,14770,71326,122685188290,KOSDAQ
20261007,083550,케이엠,3285,57659,44532002025,KOSDAQ
20261007,083640,인콘,5210,3272,23922590280,KOSDAQ
20261007,083650,비에이치아이,57200,259369,1770018250000,KOSDAQ
20261007,083660,CSA 코스믹,1422,25512,24777154098,KOSDAQ
20261007,083790,CG인바이츠,909,73694,69896811438,KOSDAQ
20261007,083930,아바코,12680,31578,186107517320,KOSDAQ
20261007,084110,휴온스글로벌,23950,26776,303202497400,KOSDAQ
20261007,084370,유진테크,169000,261456,3872811098000,KOSDAQ
20261007,084440,유비온,5010,6610,19170684840,KOSDAQ
20261007,084650,랩지노믹스,2885,543057,42836474230,KOSDAQ
20261007,084730,팅크웨어,7010,12121,77877062240,KOSDAQ
20261007,084850,아이티엠반도체,7760,31514,176019567840,KOSDAQ
20261007,084990,헬릭스미스,3945,454762,181836084165,KOSDAQ
20261007,085660,차바이오텍,8560,149500,795847561760,KOSDAQ
20261007,085670,뉴프렉스,3760,189316,92122861360,KOSDAQ
20261007,085810,알티캐스트,1393,7006,19692775529,KOSDAQ
20261007,085910,네오티스,19200,196488,264860505600,KOSDAQ
20261007,086040,바이오톡스텍,2285,4817,36464594395,KOSDAQ
20261007,086060,진바이오텍,4950,13615,42622405650,KOSDAQ
20261007,086390,유니테스트,14590,305931,308346898340,KOSDAQ
20261007,086450,동국제약,22700,644655,1026730534000,KOSDAQ
20261007,086520,에코프로,91900,655664,12477828368800,KOSDAQ
20261007,086670,비엠티,18900,39414,187599226500,KOSDAQ
20261007,086710,선진뷰티사이언스,7060,8459,86155156800,KOSDAQ
20261007,086820,바이오솔루션,6760,23542,175246814600,KOSDAQ
20261007,086890,이수앱지스,4040,65000,164730959600,KOSDAQ
20261007,086900,메디톡스,67500,9953,492648547500,KOSDAQ
20261007,086960,MDS테크,2370,578443,100792947900,KOSDAQ
20261007,086980,쇼박스,1724,43052,107643112000,KOSDAQ
20261007,087010,펩트론,130600,1151621,3045245910000,KOSDAQ
20261007,087260,모바일어플라이언스,247,0,8040556667,KOSDAQ
20261007,087600,픽셀플러스,3930,268,32094572940,KOSDAQ
20261007,088130,동아엘텍,5530,62605,96693786420,KOSDAQ
20261007,088280,쏘닉스,3160,104351,54688508400,KOSDAQ
20261007,088290,이원컴포텍,2515,4092,20059821080,KOSDAQ
20261007,088340,유라클,6440,6745,28106529920,KOSDAQ
20261007,088390,이녹스,8210,4165,77057779240,KOSDAQ
20261007,088800,에이스테크,2345,319919,177062587730,KOSDAQ
20261007,088910,동우팜투테이블,1957,184432,50337492148,KOSDAQ
20261007,089010,켐트로닉스,28450,239156,477107268150,KOSDAQ
20261007,089030,테크윙,53700,601279,1989780736500,KOSDAQ
20261007,089140,넥스턴앤롤코리아,2350,138613,35993149900,KOSDAQ
20261007,089150,케이씨티,1631,16964,27971650000,KOSDAQ
20261007,089230,THE E&M,2045,1263306,80616668930,KOSDAQ
20261007,089600,KT나스미디어,12420,5454,141669475200,KOSDAQ
20261007,089790,제이티,6920,190227,71383349960,KOSDAQ
20261007,089850,유비벨록스,4290,4534,63192553710,KOSDAQ
20261007,089890,코세스,32900,252055,545645249800,KOSDAQ
20261007,089970,브이엠,64500,687563,1712866192500,KOSDAQ
20261007,089980,상아프론테크,16340,26083,261260864580,KOSDAQ
20261007,090150,아이윈,5990,3363,25083298710,KOSDAQ
20261007,090360,로보스타,78300,55960,763425000000,KOSDAQ
20261007,090410,덕신이피씨,3325,2991,30645923175,KOSDAQ
20261007,090470,제이스로보틱스,4020,35638,70255907880,KOSDAQ
20261007,090710,휴림로봇,6280,940843,750830702120,KOSDAQ
20261007,090850,현대이지웰,4915,16354,110478893245,KOSDAQ
20261007,091120,이엠텍,5800,12479,99371028800,KOSDAQ
20261007,091340,S&K폴리텍,2610,25366,30546711810,KOSDAQ
20261007,091440,한울소재과학,2770,108309,102357959640,KOSDAQ
20261007,091580,상신이디피,24550,344778,327207776450,KOSDAQ
20261007,091590,남화토건,5600,108007,65744000000,KOSDAQ
20261007,091700,파트론,5190,51677,259500000000,KOSDAQ
20261007,091970,LSK아이로봇,3575,11333,26936838500,KOSDAQ
20261007,092040,아미코젠,1000,265081,70655387000,KOSDAQ
20261007,092070,디엔에프,14530,44309,168139096740,KOSDAQ
20261007,092130,이크레더블,14190,3572,170898684000,KOSDAQ
20261007,092190,서울바이오시스,8000,203651,366947064000,KOSDAQ
20261007,092300,현우산업,2750,138845,55412145250,KOSDAQ
20261007,092460,한라IMS,17130,14551,293088818400,KOSDAQ
20261007,092600,앤씨앤,2560,48403,12842759680,KOSDAQ
20261007,092730,네오팜,24250,78027,388678733250,KOSDAQ
20261007,092870,엑시콘,52900,331527,690387161300,KOSDAQ
20261007,093190,빅솔론,8220,14248,158143799100,KOSDAQ
20261007,093320,케이아이엔엑스,131000,6491,639280000000,KOSDAQ
20261007,093380,풍강,2835,1513,28007852355,KOSDAQ
20261007,093520,매커스,28750,17655,342177813750,KOSDAQ
20261007,093640,케이알엠,4760,14047,156336088160,KOSDAQ
20261007,093920,서원인텍,4845,8704,90117000000,KOSDAQ
20261007,094170,동운아나텍,25450,84248,532157871200,KOSDAQ
20261007,094360,칩스앤미디어,12860,119351,274628823640,KOSDAQ
20261007,094480,갤럭시아머니트리,5650,264386,221648584700,KOSDAQ
20261007,094820,일진파워,12090,111287,182301591810,KOSDAQ
20261007,094840,슈프리마에이치큐,13170,17851,129146455530,KOSDAQ
20261007,094850,참좋은여행,4115,15319,57610000000,KOSDAQ
20261007,094860,네오리진,1554,93114,82532961756,KOSDAQ
20261007,094940,푸른로보틱스,6140,22229,51338910040,KOSDAQ
20261007,094970,제이엠티,2760,47343,46225142400,KOSDAQ
20261007,095190,신화프리텍,1847,30065,120536073314,KOSDAQ
20261007,095270,웨이브일렉트로,4480,30559,64388378880,KOSDAQ
20261007,095340,ISC,202500,158509,4292404245000,KOSDAQ
20261007,095500,미래나노텍,7070,87459,219240692930,KOSDAQ
20261007,095610,테스,163100,408005,3157616000000,KOSDAQ
20261007,095660,네오위즈,18100,29062,391619907900,KOSDAQ
20261007,095700,제넥신,3015,2089786,137304589410,KOSDAQ
20261007,095910,에스에너지,583,0,21242557622,KOSDAQ
20261007,096240,크레버스,8460,2344,86615002800,KOSDAQ
20261007,096250,와이즈넛,5620,30017,66399631220,KOSDAQ
20261007,096350,대창솔루션,1890,124257,69655500180,KOSDAQ
20261007,096530,씨젠,38900,955566,1817968237800,KOSDAQ
20261007,096630,에스코넥,1629,18118,25862530167,KOSDAQ
20261007,096690,에이루트,6200,2907,24941620400,KOSDAQ
20261007,096870,엘디티,2400,66476,20035197600,KOSDAQ
20261007,097780,에코볼트,1439,8876,29201755071,KOSDAQ
20261007,097800,윈팩,3560,954676,97152560200,KOSDAQ
20261007,097870,효성오앤비,4350,3913,36931500000,KOSDAQ
20261007,098070,한텍,24050,82204,267463441050,KOSDAQ
20261007,098120,마이크로컨텍솔,60500,136498,502922343000,KOSDAQ
20261007,098460,고영,36200,1295023,2468992510600,KOSDAQ
20261007,098660,에스티오,1743,5699,21789201168,KOSDAQ
20261007,099190,아이센스,16700,25220,493879337100,KOSDAQ
20261007,099220,SDN,5300,10753,33360505500,KOSDAQ
20261007,099320,쎄트렉아이,75200,137957,823536105600,KOSDAQ
20261007,099390,브레인즈컴퍼니,3655,1885,30001274365,KOSDAQ
20261007,099410,동방선기,2950,70791,41300000000,KOSDAQ
20261007,099430,바이오플러스,3870,170582,238549594140,KOSDAQ
20261007,099440,스맥,3815,124929,260348548110,KOSDAQ
20261007,099520,DGI,1284,0,58141862016,KOSDAQ
20261007,099750,이지케어텍,7180,46101,98072862140,KOSDAQ
20261007,100030,인지소프트,18940,8832,62193543160,KOSDAQ
20261007,100120,뷰웍스,29450,24147,264208053950,KOSDAQ
20261007,100130,동국S&C,1605,243711,91714515000,KOSDAQ
20261007,100590,머큐리,5950,1216242,101980292750,KOSDAQ
20261007,100660,서암기계공업,3270,24865,41202000000,KOSDAQ
20261007,100700,세운메디칼,2345,76973,102711000000,KOSDAQ
20261007,100790,미래에셋벤처투자,16810,576481,892956916180,KOSDAQ
20261007,101000,KS인더스트리,1586,82459,15718032382,KOSDAQ
20261007,101160,월덱스,32200,36379,531653974600,KOSDAQ
20261007,101170,우림피티에스,9010,83480,121635000000,KOSDAQ
20261007,101240,씨큐브,3270,17300,37137560040,KOSDAQ
20261007,101330,모베이스,4050,119152,93745467450,KOSDAQ
20261007,101360,에코앤드림,8600,71901,152960580400,KOSDAQ
20261007,101400,엔시트론,1824,51385,27649366656,KOSDAQ
20261007,101490,에스앤에스텍,53400,425941,1139282538600,KOSDAQ
20261007,101670,하이드로리튬,530,697502,30091909110,KOSDAQ
20261007,101680,한국정밀기계,2840,7180,23867360000,KOSDAQ
20261007,101730,위메이드맥스,5570,4656881,466784303020,KOSDAQ
20261007,101930,인화정공,6150,34629,281022226650,KOSDAQ
20261007,101970,우양에이치씨,10090,3394,149231190810,KOSDAQ
20261007,102120,어보브반도체,8580,189039,152558860740,KOSDAQ
20261007,102370,케이옥션,2910,25416,75334923900,KOSDAQ
20261007,102710,이엔에프테크놀로지,50200,89153,717249367200,KOSDAQ
20261007,102940,코오롱생명과학,14740,66651,192955488220,KOSDAQ
20261007,103230,에스앤더블류,1535,51456,11052000000,KOSDAQ
20261007,103840,우양,1560,31387,25531627680,KOSDAQ
20261007,104040,디에스엠,3115,46608,83524254975,KOSDAQ
20261007,104200,NHN벅스,2710,57643,40182660500,KOSDAQ
20261007,104460,디와이피엔에프,6750,17142,70997181750,KOSDAQ
20261007,104480,티케이케미칼,1887,239776,171519683958,KOSDAQ
20261007,104540,코렌텍,5840,209848,78299274400,KOSDAQ
20261007,104620,노랑풍선,3100,39009,52112711200,KOSDAQ
20261007,104830,원익머트리얼즈,41000,112546,516928000000,KOSDAQ
20261007,105330,케이엔더블유,8970,9194587,143695094400,KOSDAQ
20261007,105550,엣지파운드리,1643,12299,25731696630,KOSDAQ
20261007,105740,디케이락,11320,755411,115107567160,KOSDAQ
20261007,105760,포스뱅크,5160,8905,52584976920,KOSDAQ
20261007,106080,케이이엠텍,1650,0,9506998050,KOSDAQ
20261007,106190,하이텍팜,10060,38281,106969720380,KOSDAQ
20261007,106240,파인테크닉스,1273,22894,33838776522,KOSDAQ
20261007,107600,새빗켐,14400,26864,81360777600,KOSDAQ
20261007,107640,한중엔시에스,47050,282400,426505709300,KOSDAQ
20261007,108230,톱텍,3230,113353,122815081350,KOSDAQ
20261007,108380,대양전기공업,18080,16001,172977380640,KOSDAQ
20261007,108490,로보티즈,305500,160006,4480777054000,KOSDAQ
20261007,108860,셀바스AI,8970,218016,241425666300,KOSDAQ
20261007,109080,옵티시스,9900,24010,55796400000,KOSDAQ
20261007,109610,에스와이,1851,84055,90527597400,KOSDAQ
20261007,109670,씨싸이트,16060,195009,93735828120,KOSDAQ
20261007,109740,디에스케이,3995,17758,102713008050,KOSDAQ
20261007,109820,진매트릭스,1871,3501294,38156500440,KOSDAQ
20261007,109860,동일금속,7510,5164,68341000000,KOSDAQ
20261007,109960,앱토크롬,1875,663,28372936875,KOSDAQ
20261007,110020,전진바이오팜,2055,8366,18615755910,KOSDAQ
20261007,110790,크리스에프앤씨,2975,7066,69707106000,KOSDAQ
20261007,110990,디아이티,18900,68201,357210000000,KOSDAQ
20261007,111710,남화산업,3150,18868,64852200000,KOSDAQ
20261007,112040,위메이드,15850,201981,538083455550,KOSDAQ
20261007,112290,와이씨켐,12420,198845,251145937800,KOSDAQ
20261007,113810,디젠스,3140,40200,20490415400,KOSDAQ
20261007,114190,강원에너지,9200,115067,240331949600,KOSDAQ
20261007,114450,그린생명과학,2560,5764917,51200000000,KOSDAQ
20261007,114630,폴라리스우노,1590,12094,27404044320,KOSDAQ
20261007,114810,한솔아이원스,14630,177642,411734635620,KOSDAQ
20261007,114840,아이패밀리에스씨,8360,19875,139456378600,KOSDAQ
20261007,115160,휴맥스,5680,7374,24466787440,KOSDAQ
20261007,115180,큐리언트,24200,72412,908326454200,KOSDAQ
20261007,115310,인포바인,9580,1733,142086239420,KOSDAQ
20261007,115440,우리넷,11500,599386,124134358000,KOSDAQ
20261007,115450,HLB테라퓨틱스,2930,1701738,277422051420,KOSDAQ
20261007,115480,씨유메디칼,2190,23286,26553555090,KOSDAQ
20261007,115500,케이씨에스,11940,563039,143280000000,KOSDAQ
20261007,115530,씨엔플러스,2890,23331,24802138950,KOSDAQ
20261007,115570,스타플렉스,2700,4682,21558171600,KOSDAQ
20261007,115610,이미지스,1923,294202,22727492787,KOSDAQ
20261007,117670,알파칩스,13400,640518,89267342800,KOSDAQ
20261007,117730,티로보틱스,14710,71942,331828812530,KOSDAQ
20261007,118990,모트렉스,6190,48665,151886326490,KOSDAQ
20261007,119500,포메탈,2365,35337,28018703680,KOSDAQ
20261007,119610,인터로조,17180,80903,196088173460,KOSDAQ
20261007,119830,아이텍,6590,115849,174888952240,KOSDAQ
20261007,119850,지엔씨에너지,51700,397129,850408595300,KOSDAQ
20261007,120240,대정화금,14770,3250,106202075070,KOSDAQ
20261007,121440,골프존홀딩스,7660,5039,328130025880,KOSDAQ
20261007,121600,나노신소재,62600,53741,767613156600,KOSDAQ
20261007,121800,비덴트,3320,0,256309348520,KOSDAQ
20261007,121890,에스디시스템,2875,81346,38212907250,KOSDAQ
20261007,122310,제노레이,3315,21725,48245992860,KOSDAQ
20261007,122350,삼기,1605,310241,61534781940,KOSDAQ
20261007,122450,KX,2485,11907,111377287490,KOSDAQ
20261007,122640,예스티,31800,353083,688512135000,KOSDAQ
20261007,122690,서진오토모티브,1591,23407,36718953106,KOSDAQ
20261007,122870,와이지엔터테인먼트,41500,76243,775678533500,KOSDAQ
20261007,122990,와이솔,6390,25091,163891224810,KOSDAQ
20261007,123010,MSDI,4635,511542,93700080045,KOSDAQ
20261007,123040,엠에스오토텍,1718,74052,107595417682,KOSDAQ
20261007,123330,제닉,22000,240935,175310960000,KOSDAQ
20261007,123410,코리아에프티,5690,43811,158415654160,KOSDAQ
20261007,123420,위메이드플레이,6380,98349,66358641580,KOSDAQ
20261007,123570,이엠넷,1627,1710,36243178906,KOSDAQ
20261007,123750,알톤,1733,7801,23948775847,KOSDAQ
20261007,123840,뉴온,1660,7185,25818063000,KOSDAQ
20261007,123860,아나패스,12730,6674,154331072950,KOSDAQ
20261007,124500,아이티센글로벌,27950,216907,648566529650,KOSDAQ
20261007,124560,태웅로직스,1981,10507,76705926591,KOSDAQ
20261007,125020,티씨머티리얼즈,6140,1594588,215136697000,KOSDAQ
20261007,125210,아모그린텍,6380,157626,105249520200,KOSDAQ
20261007,125490,한라캐스트,12900,1089556,470880340800,KOSDAQ
20261007,126340,비나텍,94700,103143,679985205800,KOSDAQ
20261007,126600,BGF에코머티리얼즈,3280,3178648,205875428720,KOSDAQ
20261007,126640,화신정공,3785,452284,132686619350,KOSDAQ
20261007,126700,하이비젼시스템,12430,98244,185730452160,KOSDAQ
20261007,126730,코칩,25000,298208,219253150000,KOSDAQ
20261007,126880,제이엔케이글로벌,2750,16758,63712338250,KOSDAQ
20261007,127120,제이에스링크,27850,173364,1038608852450,KOSDAQ
20261007,127710,아시아경제,1420,109039,62549878200,KOSDAQ
20261007,127980,화인써키트,2935,14023,34752407540,KOSDAQ
20261007,128540,에코캡,1107,38404,29546339220,KOSDAQ
20261007,128660,피제이메탈,2870,69110,71185669030,KOSDAQ
20261007,129890,앱코,950,76756,43268321900,KOSDAQ
20261007,129920,대성하이텍,7140,157183,116015689440,KOSDAQ
20261007,130500,GH신소재,1949,32293,28348306348,KOSDAQ
20261007,130580,나이스디앤비,6850,11764,105490000000,KOSDAQ
20261007,130740,티피씨글로벌,1817,7564,20489725743,KOSDAQ
20261007,131030,옵투스제약,6420,103139,113291107800,KOSDAQ
20261007,131090,시큐브,4360,22699,33389843560,KOSDAQ
20261007,131100,티엔엔터테인먼트,3550,33589,22895171200,KOSDAQ
20261007,131180,딜리,4150,4857,24360500000,KOSDAQ
20261007,131220,대한과학,3750,6991,27954337500,KOSDAQ
20261007,131290,티에스이,316000,259207,3495411564000,KOSDAQ
20261007,131370,알서포트,1512,69170,80539829496,KOSDAQ
20261007,131400,이브이첨단소재,7960,203159,47435136480,KOSDAQ
20261007,131760,파인텍,1285,70134,11161916060,KOSDAQ
20261007,131970,두산테스나,109100,435050,2108601665800,KOSDAQ
20261007,133750,메가엠디,1381,14515,32325173337,KOSDAQ
20261007,134060,이퓨쳐,5380,5082,25658565000,KOSDAQ
20261007,134580,탑코미디어,2370,639696,116827133130,KOSDAQ
20261007,136150,원일티엔아이,12900,103903,108115287000,KOSDAQ
20261007,136410,아셈스,3695,9234,40715596670,KOSDAQ
20261007,136480,하림,2665,271540,283048855830,KOSDAQ
20261007,136540,윈스테크넷,11000,31226,135077206000,KOSDAQ
20261007,137080,나래나노텍,6060,24412,64902290940,KOSDAQ
20261007,137400,피엔티,32300,117448,765210514400,KOSDAQ
20261007,137940,넥스트아이,1853,59080,18181760151,KOSDAQ
20261007,137950,제이씨케미칼,3550,18764,79050739700,KOSDAQ
20261007,138070,신진에스엠,1431,29543,25047084924,KOSDAQ
20261007,138080,오이솔루션,31600,265766,391137152800,KOSDAQ
20261007,138360,앤로보틱스,1330,1532392,117005332220,KOSDAQ
20261007,138610,나이벡,16070,20787,182680433510,KOSDAQ
20261007,139670,키네마스터,1921,2468,27122234010,KOSDAQ
20261007,140070,서플러스글로벌,2200,62780,81373600000,KOSDAQ
20261007,140410,메지온,67500,72963,2075554260000,KOSDAQ
20261007,140430,카티스,2510,179967,26830662570,KOSDAQ
20261007,140520,대창스틸,2015,3763,42535124645,KOSDAQ
20261007,140670,알에스오토메이션,10550,34569,135460312000,KOSDAQ
20261007,140860,파크시스템스,308000,44388,2156760452000,KOSDAQ
20261007,141000,비아트론,11990,2812021,145255372900,KOSDAQ
20261007,141080,리가켐바이오,80500,275838,2980063149000,KOSDAQ
20261007,142210,유니트론텍,6960,451250,144429764880,KOSDAQ
20261007,142280,녹십자엠에스,4200,21850686,100644730200,KOSDAQ
20261007,142760,모아라이프플러스,476,143793,10035741240,KOSDAQ
20261007,143160,아이디스,15990,2459,171355076100,KOSDAQ
20261007,143240,사람인,17560,5705,188466756360,KOSDAQ
20261007,143540,영우디에스피,1047,189021,46696090065,KOSDAQ
20261007,144510,지씨셀,15120,59072,238901201280,KOSDAQ
20261007,144960,뉴파워프라즈마,13190,1308711,576305710560,KOSDAQ
20261007,145020,휴젤,183600,32479,2297785762800,KOSDAQ
20261007,145170,노브랜드,3270,158226,55290484350,KOSDAQ
20261007,146060,율촌,1072,23277,25744717840,KOSDAQ
20261007,146320,비씨엔씨,11550,28592,147816010650,KOSDAQ
20261007,147760,피엠티,4035,141796,80700000000,KOSDAQ
20261007,147830,제룡산업,7230,193687,144600000000,KOSDAQ
20261007,148150,세경하이테크,3885,85687,138083847930,KOSDAQ
20261007,148250,알엔투테크놀로지,2010,22447,27357515040,KOSDAQ
20261007,148780,비큐AI,3990,32514,25093688550,KOSDAQ
20261007,148930,에이치와이티씨,3180,8525,32357177340,KOSDAQ
20261007,149950,아바텍,12620,132626,172486411860,KOSDAQ
20261007,149980,하이로닉,4525,13295,77825683150,KOSDAQ
20261007,150900,파수AI,4330,234103,50677982260,KOSDAQ
20261007,151860,KG에코솔루션,5380,28901,256104150760,KOSDAQ
20261007,153460,네이블,5510,2197,35980377140,KOSDAQ
20261007,153490,우리이앤엘하루틴,3140,21093,32329440000,KOSDAQ
20261007,153710,옵티팜,4480,2851,65721411840,KOSDAQ
20261007,153890,져스텍,8760,163737,105560671800,KOSDAQ
20261007,154030,아시아종묘,1620,8838,19540224540,KOSDAQ
20261007,154040,다산솔루에타,10340,2400,22350540740,KOSDAQ
20261007,155650,와이엠씨,3770,36923,71533329660,KOSDAQ
20261007,156100,엘앤케이바이오,6780,278386,151540817340,KOSDAQ
20261007,158430,아톤,6990,11617301,171129823080,KOSDAQ
20261007,159010,아스플로,32600,114770,434712491400,KOSDAQ
20261007,159580,제로투세븐,2240,276291,44873104640,KOSDAQ
20261007,159910,에코글로우,3065,24347,32081652305,KOSDAQ
20261007,160190,하이젠알앤엠,33800,263362,1044014400000,KOSDAQ
20261007,160550,NEW,995,30110,27766575470,KOSDAQ
20261007,160980,싸이맥스,27550,150614,300962894650,KOSDAQ
20261007,161580,필옵틱스,41700,362258,977541699900,KOSDAQ
20261007,162300,신스틸,2020,254134,83772191640,KOSDAQ
20261007,163280,에어레인,3880,36870,52779942640,KOSDAQ
20261007,163730,핑거,14920,165030,190464497640,KOSDAQ
20261007,166090,하나머티리얼즈,61600,118379,1218304718400,KOSDAQ
20261007,166480,코아스템켐온,2355,120479,124509735480,KOSDAQ
20261007,168330,내츄럴엔도텍,2385,4010,75735436500,KOSDAQ
20261007,168360,펨트론,15890,192483,355817730730,KOSDAQ
20261007,169330,엠브레인,1779,24665,32585797122,KOSDAQ
20261007,170030,현대공업,4910,17902,75319400000,KOSDAQ
20261007,170790,파이오링크,8570,32385,54825160950,KOSDAQ
20261007,170920,엘티씨,41400,238128,437354816400,KOSDAQ
20261007,171010,램테크놀러지,2750,33310,39321568000,KOSDAQ
20261007,171090,선익시스템,72600,42790,735265647600,KOSDAQ
20261007,171120,라이온켐텍,2040,29074,73239590400,KOSDAQ
20261007,172670,에이엘티,14840,58960,132970243560,KOSDAQ
20261007,173130,오파스넷,7910,80255,103197601430,KOSDAQ
20261007,173940,에프엔씨엔터,1990,24856,30631687920,KOSDAQ
20261007,174900,앱클론,26900,165163,536712270100,KOSDAQ
20261007,175140,아고스,2345,15079,58494273285,KOSDAQ
20261007,175250,아이큐어,1682,155476,103840485194,KOSDAQ
20261007,176750,듀켐바이오,7800,204643,222212016000,KOSDAQ
20261007,177350,베셀,1350,48358,13386398850,KOSDAQ
20261007,177830,파버나인,2155,13632,24407514915,KOSDAQ
20261007,177900,쓰리에이로직스,3880,26957,37355088000,KOSDAQ
20261007,178320,서진시스템,41300,863301,2631780095700,KOSDAQ
20261007,178780,일월지엠엘,2400,5774,44734068000,KOSDAQ
20261007,179290,엠아이텍,4715,13374,152604171770,KOSDAQ
20261007,179530,애드바이오텍,2210,114472,68783863200,KOSDAQ
20261007,179900,유티아이,2460,217586,53060524740,KOSDAQ
20261007,180400,DXVX,2310,18214,227371987920,KOSDAQ
20261007,182360,큐브엔터,6340,18281,98552675240,KOSDAQ
20261007,182400,엔케이젠바이오텍코리아,3670,0,265496721770,KOSDAQ
20261007,183300,코미코,33050,357644,1697556238750,KOSDAQ
20261007,183490,엔지켐생명과학,990,0,83793832650,KOSDAQ
20261007,184230,SGA솔루션즈,2270,400285,42753071040,KOSDAQ
20261007,185490,아이진,1879,43238,81228764136,KOSDAQ
20261007,186230,그린플러스,3205,9632,34999202540,KOSDAQ
20261007,187220,디티앤씨,1999,18210,23038341067,KOSDAQ
20261007,187270,신화콘텍,2790,32388,28301327550,KOSDAQ
20261007,187420,HLB제넥스,2175,530404,71002759725,KOSDAQ
20261007,187660,페니트리움바이오,6780,596985,433691195340,KOSDAQ
20261007,187790,나노,3135,82750,96686002050,KOSDAQ
20261007,187870,디바이스,13400,175123,185761144800,KOSDAQ
20261007,188040,바이오포트,4875,7347,22811626500,KOSDAQ
20261007,188260,세니젠,2100,2293,29192767800,KOSDAQ
20261007,189300,인텔리안테크,68500,117066,735518544500,KOSDAQ
20261007,189330,씨이랩,10320,86960,96825170880,KOSDAQ
20261007,189690,포시에스,1534,65567,41911900446,KOSDAQ
20261007,189860,서전기전,5040,136257,48881851200,KOSDAQ
20261007,189980,흥국에프엔비,1159,24910,46519741493,KOSDAQ
20261007,190510,나무가,15570,61526,219308385690,KOSDAQ
20261007,190650,코리아에셋투자증권,6480,1987,41394240000,KOSDAQ
20261007,191410,육일씨엔에쓰,1720,77860,26677495840,KOSDAQ
20261007,191420,테고사이언스,7100,1205,57572721400,KOSDAQ
20261007,192250,케이사인,9280,282750,65582920000,KOSDAQ
20261007,192390,윈하이텍,1865,9085,22318913790,KOSDAQ
20261007,192410,오늘이엔엠,3455,28564,87017315595,KOSDAQ
20261007,192440,슈피겐코리아,28550,5409,177477163650,KOSDAQ
20261007,193250,링크드,1821,38250,24344826993,KOSDAQ
20261007,194480,데브시스터즈,13920,23638,169394568000,KOSDAQ
20261007,194700,노바렉스,10570,47010,192953743360,KOSDAQ
20261007,195500,마니커에프앤지,1718,10401,27450204000,KOSDAQ
20261007,195940,HK이노엔,40750,88580,1154443058250,KOSDAQ
20261007,195990,루트K,1100,6786,17916661400,KOSDAQ
20261007,196170,알테오젠,257000,235563,17901369181000,KOSDAQ
20261007,196300,HLB펩,4990,40380,47374795530,KOSDAQ
20261007,196450,코아시아씨엠,3665,8468,33219560000,KOSDAQ
20261007,196700,웹스,1277,19360,18343011888,KOSDAQ
20261007,197140,디지캡,2370,12829,30841174980,KOSDAQ
20261007,198080,캐프,2095,76157,45116212575,KOSDAQ
20261007,198440,강동씨앤엘,1411,676649,85974905256,KOSDAQ
20261007,198940,한주라이트메탈,1349,31896,26899965179,KOSDAQ
20261007,199430,케이엔알시스템,17280,67624,193484903040,KOSDAQ
20261007,199480,뱅크웨어글로벌,4165,35018,42468789020,KOSDAQ
20261007,199550,레이저옵텍,3195,14935,47432302245,KOSDAQ
20261007,199730,바이오인프라,695,503314,3380735065,KOSDAQ
20261007,199800,툴젠,33200,35481,298721282800,KOSDAQ
20261007,199820,제일일렉트릭,7760,197218,172427200000,KOSDAQ
20261007,200130,콜마비앤에이치,8170,31858,235096308860,KOSDAQ
20261007,200230,텔콘RF제약,2395,23994,22710034255,KOSDAQ
20261007,200350,아티스트스튜디오,4240,534049,42383146000,KOSDAQ
20261007,200470,에이팩트,9990,767367,437797324440,KOSDAQ
20261007,200670,휴메딕스,25950,15862,291416683500,KOSDAQ
20261007,200710,에이디테크놀로지,28600,88501,385013400200,KOSDAQ
20261007,200780,비씨월드제약,3040,4388,32423609440,KOSDAQ
20261007,201490,미투온,3405,791711,111424287030,KOSDAQ
20261007,203400,에이비온,676,0,60908481504,KOSDAQ
20261007,203450,유니온바이오메트릭스,2830,176776,39843589810,KOSDAQ
20261007,203650,드림시큐리티,2935,4348933,298502660540,KOSDAQ
20261007,204020,그리티,1794,11760,34894792608,KOSDAQ
20261007,204270,제이앤티씨,25800,4307125,1492490422800,KOSDAQ
20261007,204610,티쓰리,2840,57070,158262464800,KOSDAQ
20261007,204620,글로벌텍스프리,5740,896232,403426314200,KOSDAQ
20261007,204840,지엘팜텍,4140,21371,64210576140,KOSDAQ
20261007,205100,엑셈,1380,493767,93204336120,KOSDAQ
20261007,205470,휴마시스,3120,2687355,76986003120,KOSDAQ
20261007,205500,넥써쓰,1778,134666,148572875066,KOSDAQ
20261007,206400,베노티앤알,676,170659,25356866808,KOSDAQ
20261007,206560,덱스터,912,40640,23175503232,KOSDAQ
20261007,206640,바디텍메드,9930,59051,217545655530,KOSDAQ
20261007,206650,유바이오로직스,8490,75024,312027086430,KOSDAQ
20261007,207760,미스터블루,2190,11682,36388943640,KOSDAQ
20261007,208140,정다운,2270,9236,74193238420,KOSDAQ
20261007,208350,지란지교시큐리티,2895,14168,23454045150,KOSDAQ
20261007,208370,셀바스헬스케어,2675,260422,68856008700,KOSDAQ
20261007,208640,썸에이지,666,179519,9273400650,KOSDAQ
20261007,208710,포톤,2840,67008,37431574880,KOSDAQ
20261007,208860,다산디엠씨,9300,1608,31573472100,KOSDAQ
20261007,209640,와이제이링크,3965,658350,112777073890,KOSDAQ
20261007,210120,캔버스엔,1806,132738,17509153746,KOSDAQ
20261007,211050,인카금융서비스,9930,39604,489188114010,KOSDAQ
20261007,211270,AP위성,8560,546255,129104522240,KOSDAQ
20261007,212560,네오오토,10520,100390,141876380960,KOSDAQ
20261007,212710,아이에스티이,7480,110294,72668035440,KOSDAQ
20261007,213420,덕산네오룩스,29800,74358,739969134200,KOSDAQ
20261007,214150,클래시스,30700,111355,2002734731300,KOSDAQ
20261007,214180,헥토이노베이션,14240,31659,185025546080,KOSDAQ
20261007,214260,라파스,7490,6958,66829247870,KOSDAQ
20261007,214270,FSN,1370,40140,61994741320,KOSDAQ
20261007,214370,케어젠,44500,99099,2390317500000,KOSDAQ
20261007,214430,아이쓰리시스템,79300,24134,579462149500,KOSDAQ
20261007,214450,파마리서치,308500,89185,3205206408000,KOSDAQ
20261007,214610,롤링스톤,2290,0,19197807380,KOSDAQ
20261007,214680,디알텍,3810,29397,63596333310,KOSDAQ
20261007,215000,골프존,35900,7515,225287398500,KOSDAQ
20261007,215090,솔디펜스,1409,151264,32626326349,KOSDAQ
20261007,215100,로보로보,4160,57043,84649568640,KOSDAQ
20261007,215200,메가스터디교육,38000,25346,393878208000,KOSDAQ
20261007,215360,우리산업,6550,10587,59815667650,KOSDAQ
20261007,215380,콜마바이오텍,2435,1017020,40980017560,KOSDAQ
20261007,215480,토박스코리아,2070,24913,22231800000,KOSDAQ
20261007,215600,신라젠,2380,595932,329757482320,KOSDAQ
20261007,215790,이노인스트루먼트,666,3289467,26828577234,KOSDAQ
20261007,216050,인크로스,5010,6469,61115096220,KOSDAQ
20261007,216080,제테마,5990,52777,223349723010,KOSDAQ
20261007,217190,제너셈,9130,640039,120093837930,KOSDAQ
20261007,217270,넵튠,2430,34935,110940087510,KOSDAQ
20261007,217330,싸이토젠,3070,42336,71007709290,KOSDAQ
20261007,217480,에스디생명공학,499,0,54756837359,KOSDAQ
20261007,217500,러셀,1579,91266,50231148000,KOSDAQ
20261007,217730,강스템바이오텍,2215,240776,208329940035,KOSDAQ
20261007,217820,원익피앤이,2405,296820,114128214395,KOSDAQ
20261007,218150,미래생명자원,1893,61229,38647113186,KOSDAQ
20261007,218410,RFHIC,58900,436868,1565293533800,KOSDAQ
20261007,219130,타이거일렉,98000,125500,618800420000,KOSDAQ
20261007,219420,링크제니시스,3175,26238,36415684725,KOSDAQ
20261007,219550,디와이디,1197,11763,49530914370,KOSDAQ
20261007,219750,한국비티비,1809,13574,23671446993,KOSDAQ
20261007,220100,퓨쳐켐,7050,65676,182011612500,KOSDAQ
20261007,220180,폴라리스AI핸디,1352,5986,32354498384,KOSDAQ
20261007,220260,켐트로스,4685,156037,150257577675,KOSDAQ
20261007,221800,지구홀딩스,3830,25174,62501199330,KOSDAQ
20261007,221840,하이즈항공,2085,58975,38990669685,KOSDAQ
20261007,221980,케이디켐,9420,755,38007816000,KOSDAQ
20261007,222040,코스맥스엔비티,6330,100929,130575240000,KOSDAQ
20261007,222080,SFA넥셀,8460,654824,658020018240,KOSDAQ
20261007,222110,팬젠,4735,3130,63991200115,KOSDAQ
20261007,222420,쎄노텍,941,80816,45561830143,KOSDAQ
20261007,222800,심텍,170400,619928,6557763230400,KOSDAQ
20261007,222980,한국맥널티,1990,11347,21952651170,KOSDAQ
20261007,223250,드림씨아이에스,3875,782298,95326720500,KOSDAQ
20261007,223310,사토시홀딩스,2905,18756,39619444515,KOSDAQ
20261007,224060,더코디,3365,806806,17365829530,KOSDAQ
20261007,224110,에이텍모빌리티,7630,1506,38763345180,KOSDAQ
20261007,225190,LK삼양,4655,320889,65606117640,KOSDAQ
20261007,225220,제놀루션,1401,62685,26885219421,KOSDAQ
20261007,225430,케이엠제약,698,0,4527001150,KOSDAQ
20261007,225530,HC보광산업,2110,12708,76674713970,KOSDAQ
20261007,225570,넥슨게임즈,10440,291701,687580216560,KOSDAQ
20261007,225590,패션플랫폼,2915,6968,14928811040,KOSDAQ
20261007,226330,신테카바이오,1220,125347,29595339500,KOSDAQ
20261007,226340,본느,6460,444001,54202526640,KOSDAQ
20261007,226400,오스테오닉,4200,59134,86778724200,KOSDAQ
20261007,226590,엠디바이스,14750,35292,158072564000,KOSDAQ
20261007,226950,올릭스,122700,220899,2806745076600,KOSDAQ
20261007,227610,아우딘퓨쳐스,994,19676,19258323574,KOSDAQ
20261007,227950,엔투텍,1260,48627,43480343340,KOSDAQ
20261007,228340,동양파일,3205,223591,64100000000,KOSDAQ
20261007,228670,레이,4365,26413,68268691665,KOSDAQ
20261007,228760,지노믹트리,11940,66124,296818871880,KOSDAQ
20261007,228850,레이언스,8270,21827,137207685780,KOSDAQ
20261007,229000,젠큐릭스,1957,0,45848918905,KOSDAQ
20261007,230240,에치에프알,13900,121641,184995100000,KOSDAQ
20261007,232140,와이씨,17190,2331100,1410359566500,KOSDAQ
20261007,232680,라온로보틱스,10790,109172,143048425000,KOSDAQ
20261007,232830,아이티센피엔에스,3030,326282,50097189780,KOSDAQ
20261007,234030,싸이닉솔루션,3740,197240,88282700000,KOSDAQ
20261007,234100,폴라리스세원,2580,7810,37672220880,KOSDAQ
20261007,234300,에스트래픽,3140,34589,85432429200,KOSDAQ
20261007,234340,헥토파이낸셜,22900,205500,319928022400,KOSDAQ
20261007,234690,녹십자웰빙,10900,357239,195799861000,KOSDAQ
20261007,234920,자이글,5310,0,71849132100,KOSDAQ
20261007,235980,메드팩토,3065,141230,105053245865,KOSDAQ
20261007,236200,슈프리마,54800,46673,382192242800,KOSDAQ
20261007,236810,엔비티,1595,17273,27075804470,KOSDAQ
20261007,237690,에스티팜,96400,90822,2012507903200,KOSDAQ
20261007,237750,피앤씨테크,3465,7613,22510719000,KOSDAQ
20261007,237820,플레이디,2295,30743,29438286300,KOSDAQ
20261007,237880,클리오,12430,90292,224626917790,KOSDAQ
20261007,238090,앤디포스,1736,27774,52931403840,KOSDAQ
20261007,238120,얼라인드,2750,25987,39100253500,KOSDAQ
20261007,238200,비피도,2725,1956,22290500000,KOSDAQ
20261007,238490,힘스,2275,6846,25735336900,KOSDAQ
20261007,239340,이스트에이드,2425,11612,13085120550,KOSDAQ
20261007,239610,에이치엘사이언스,5200,1287,28038998000,KOSDAQ
20261007,239890,피엔에이치테크,3790,11651,37656511450,KOSDAQ
20261007,240550,동방메디컬,6380,96985,133558537200,KOSDAQ
20261007,240600,유진테크놀로지,900,72161,7469469000,KOSDAQ
20261007,240810,원익IPS,131100,1200877,6434899421100,KOSDAQ
20261007,241520,DSC인베스트먼트,8180,94964,217588000000,KOSDAQ
20261007,241690,유니테크노,2600,10158,63623835600,KOSDAQ
20261007,241710,코스메카코리아,117000,185878,1249560000000,KOSDAQ
20261007,241770,메카로,39050,12136,398022592000,KOSDAQ
20261007,241790,티이엠씨씨엔에스,6480,77182,64817068320,KOSDAQ
20261007,241820,피씨엘,6040,0,16803871920,KOSDAQ
20261007,241840,에이스토리,2180,15891,20797186920,KOSDAQ
20261007,242040,나무AX,3140,260639,108663668960,KOSDAQ
20261007,243070,휴온스,19390,11847,232285704350,KOSDAQ
20261007,243840,신흥에스이씨,6090,279194,234819651150,KOSDAQ
20261007,244460,올리패스,1651,0,13415218661,KOSDAQ
20261007,245620,EDGC,741,0,167118555474,KOSDAQ
20261007,246250,에스엘에스바이오,1969,0,30220617614,KOSDAQ
20261007,246690,TS인베스트먼트,2100,50459,49934165400,KOSDAQ
20261007,246710,티앤알바이오팹,2230,44731,106291843920,KOSDAQ
20261007,246720,아스타,6070,0,99434491000,KOSDAQ
20261007,246960,SCL사이언스,2850,192800,96948583950,KOSDAQ
20261007,247540,에코프로비엠,124500,409545,12179889033000,KOSDAQ
20261007,247660,나노씨엠에스,3890,217463,20348278800,KOSDAQ
20261007,250000,보라티알,5490,2776,37061524170,KOSDAQ
20261007,250060,모비스,3115,177882,100213643110,KOSDAQ
20261007,250930,예선테크,893,164045,5893878584,KOSDAQ
20261007,251120,바이오에프디엔씨,9910,8323,86174387000,KOSDAQ
20261007,251370,와이엠티,10130,287710,182473847690,KOSDAQ
20261007,251630,브이원텍,3970,56207,63293257420,KOSDAQ
20261007,251970,펌텍코리아,67200,185167,833280000000,KOSDAQ
20261007,252500,세화피앤씨,2450,43270,20328331100,KOSDAQ
20261007,252990,샘씨엔에스,19050,768539,1147150785450,KOSDAQ
20261007,253450,스튜디오드래곤,20700,29857,622210908600,KOSDAQ
20261007,253590,네오셈,15940,789190,699274474160,KOSDAQ
20261007,253840,수젠텍,4890,3859938,81874248000,KOSDAQ
20261007,254120,자비스,910,0,27986385700,KOSDAQ
20261007,254490,미래반도체,18350,85900,264937300000,KOSDAQ
20261007,255220,SG,1086,1917129,163511745972,KOSDAQ
20261007,255440,야스,8630,48367,112690540000,KOSDAQ
20261007,256150,한독크린텍,5010,1315,42058950000,KOSDAQ
20261007,256630,포인트엔지니어링,4355,16548,50515447970,KOSDAQ
20261007,256840,한국비엔씨,3285,9650072,224677200510,KOSDAQ
20261007,256940,킵스파마,7300,27656,146570473100,KOSDAQ
20261007,257370,피엔티엠에스,1811,24432,22646303271,KOSDAQ
20261007,257720,실리콘투,37550,738374,2462388262600,KOSDAQ
20261007,258610,케일럼,1184,19501,43198314592,KOSDAQ
20261007,258790,소프트캠프,7400,55753,36987094400,KOSDAQ
20261007,258830,세종메디칼,412,0,31223976612,KOSDAQ
20261007,259630,엠플러스,10330,191714,126257350680,KOSDAQ
20261007,260660,알리코제약,2365,35990,36248404665,KOSDAQ
20261007,260930,씨티케이,2385,24709,46129694535,KOSDAQ
20261007,260970,에스앤디,62900,27734,181954226600,KOSDAQ
20261007,261200,덴티스,2625,30214,41500462500,KOSDAQ
20261007,261520,이지스,5900,104430,60639020000,KOSDAQ
20261007,261780,아리바이오랩,3670,462864,106268431920,KOSDAQ
20261007,262260,에이프로,4395,41795,66266315700,KOSDAQ
20261007,262840,아이퀘스트,2900,25832,29724301100,KOSDAQ
20261007,263020,디케이앤디,3120,49055,43168775520,KOSDAQ
20261007,263050,유틸렉스,959,0,35324626904,KOSDAQ
20261007,263600,덕우전자,5070,730602,80766671700,KOSDAQ
20261007,263690,디알젬,5290,22127,59912476900,KOSDAQ
20261007,263700,케어랩스,2165,9039,42031743000,KOSDAQ
20261007,263720,디앤씨미디어,6900,10578,84494370900,KOSDAQ
20261007,263750,펄어비스,33200,115144,2086417812000,KOSDAQ
20261007,263770,유에스티,1689,5465,40029590508,KOSDAQ
20261007,263800,데이타솔루션,4655,139639,75529143900,KOSDAQ
20261007,263810,상신전자,2585,50690,41165672625,KOSDAQ
20261007,263860,지니언스,23050,705421,209284780000,KOSDAQ
20261007,263920,휴엠앤씨,3200,4579,31388883200,KOSDAQ
20261007,264450,유비쿼스,11740,32587,172172887820,KOSDAQ
20261007,264660,씨앤지하이테크,14660,31880,142512381520,KOSDAQ
20261007,264850,이랜시스,5820,334237,176314641840,KOSDAQ
20261007,265520,AP시스템,20050,30743,301768961050,KOSDAQ
20261007,265560,영화테크,6250,7598,66813625000,KOSDAQ
20261007,265740,엔에프씨,7670,525316,137013812000,KOSDAQ
20261007,266690,덕산넵코어스,13790,2480188,260546729310,KOSDAQ
20261007,267320,나인테크,2700,1179540,155021296500,KOSDAQ
20261007,267790,배럴,3095,2718,23798411355,KOSDAQ
20261007,267980,매일유업,34750,4056,266311420500,KOSDAQ
20261007,270520,앱튼,881,705675,35263711234,KOSDAQ
20261007,270660,에브리봇,13660,16158,173353363780,KOSDAQ
20261007,270870,뉴트리,3700,1114,33280930200,KOSDAQ
20261007,271830,팸텍,1095,72781,32291771190,KOSDAQ
20261007,272110,케이엔제이,32650,201868,262029146750,KOSDAQ
20261007,272290,이녹스첨단소재,22050,71852,439622073450,KOSDAQ
20261007,273060,와이즈버즈,3965,4473,38971414040,KOSDAQ
20261007,273640,와이엠텍,5820,18851,63822120000,KOSDAQ
20261007,274090,켄코아에어로스페이스,12450,4585198,171488877150,KOSDAQ
20261007,274400,이노시뮬레이션,2260,48360,20535474180,KOSDAQ
20261007,275630,에스에스알,3860,2277,20279698880,KOSDAQ
20261007,276040,스코넥,327,0,7073119545,KOSDAQ
20261007,276730,한울앤제주,853,29188,20137606940,KOSDAQ
20261007,277070,린드먼아시아,3430,1081,46963560000,KOSDAQ
20261007,277410,인산가,5520,4343,21203148000,KOSDAQ
20261007,277810,레인보우로보틱스,447000,40516,8671736526000,KOSDAQ
20261007,277880,티에스아이,3945,118327,78281471340,KOSDAQ
20261007,278280,천보,38450,17233,471128811250,KOSDAQ
20261007,278650,HLB바이오스텝,4855,6825544,84634282580,KOSDAQ
20261007,279600,미디어젠,3780,1248,17708472180,KOSDAQ
20261007,281740,레이크머티리얼즈,12670,405546,832806043160,KOSDAQ
20261007,282620,기도산업,11330,35524,66401810310,KOSDAQ
20261007,282720,금양그린파워,7760,15012,94047320000,KOSDAQ
20261007,282880,코윈로보틱스,11110,27735,129921251020,KOSDAQ
20261007,284620,카이노스메드,1087,0,35965517911,KOSDAQ
20261007,285490,노바텍,12590,17238,133149712290,KOSDAQ
20261007,285800,진영,4275,16886,15363418050,KOSDAQ
20261007,286750,나노실리칸첨단소재,2535,4422,40596574980,KOSDAQ
20261007,287840,인투셀,18240,19613,274000550400,KOSDAQ
20261007,288180,케이피항공산업,7660,19171,56632386920,KOSDAQ
20261007,288330,파라택시스코리아,416,0,44129674368,KOSDAQ
20261007,288620,에스프리즘,3955,10982,27603194780,KOSDAQ
20261007,288980,모아데이타,203,634189,7385419937,KOSDAQ
20261007,289010,아이스크림에듀,762,149808,10626285072,KOSDAQ
20261007,289080,SV인베스트먼트,2680,463750,161170464440,KOSDAQ
20261007,289220,자이언트스텝,901,137555,20103311121,KOSDAQ
20261007,289930,웨이비스,8000,97775,105192080000,KOSDAQ
20261007,290090,트윔,4670,4312,34747452560,KOSDAQ
20261007,290120,DH오토리드,2175,3263,34419759975,KOSDAQ
20261007,290270,휴네시온,2850,35013,27381865200,KOSDAQ
20261007,290520,신도기연,1656,13948,26059087584,KOSDAQ
20261007,290550,디케이티,23600,287352,472029028000,KOSDAQ
20261007,290560,파라택시스이더리움,1239,207816,27707422470,KOSDAQ
20261007,290650,엘앤씨바이오,58300,407214,1572333743200,KOSDAQ
20261007,290660,다이나믹솔루션,1294,353521,55432227072,KOSDAQ
20261007,290670,대보마그네틱,5500,7921,43217130000,KOSDAQ
20261007,290690,아리바이오홀딩스,3200,618140,169832976000,KOSDAQ
20261007,290720,푸드나무,3370,100108,128563050010,KOSDAQ
20261007,290740,액트로,11310,46336,113835274410,KOSDAQ
20261007,291230,컴투스엔,2735,23082,65670716785,KOSDAQ
20261007,291650,츌립앤사이언스,2750,146017,83928957750,KOSDAQ
20261007,291810,핀텔,409,0,5736605370,KOSDAQ
20261007,293490,카카오게임즈,10110,289156,1079194629150,KOSDAQ
20261007,293580,나우IB,1285,315183,121984985750,KOSDAQ
20261007,293780,압타바이오,7890,44627,221656965450,KOSDAQ
20261007,294090,이오플로우,1490,0,62295566450,KOSDAQ
20261007,294140,레몬,2820,7808,70259786760,KOSDAQ
20261007,294570,쿠콘,26600,39521,268440071200,KOSDAQ
20261007,294630,서남,3100,129819,82147454900,KOSDAQ
20261007,295310,에이치브이엠,72000,219369,903433392000,KOSDAQ
20261007,296640,이노에이엑스,6440,16760,33347942880,KOSDAQ
20261007,297090,씨에스베어링,4985,33901,135940950000,KOSDAQ
20261007,297570,아틀라스링크,3850,2746,26658335550,KOSDAQ
20261007,297890,HB솔루션,1615,160312,118122576110,KOSDAQ
20261007,298060,풍전약품,2335,4811,22503438745,KOSDAQ
20261007,298380,에이비엘바이오,51100,285829,2860959359300,KOSDAQ
20261007,298540,더네이쳐홀딩스,6480,13794,93871781280,KOSDAQ
20261007,298830,슈어소프트테크,4275,183506,228535083225,KOSDAQ
20261007,299030,하나기술,15580,42344,124560697800,KOSDAQ
20261007,299170,더블유에스아이,1472,816267,61104615936,KOSDAQ
20261007,299660,셀리드,2590,5908247,76412710430,KOSDAQ
20261007,300080,플리토,8110,117464,134070067610,KOSDAQ
20261007,300120,라온피플,3005,14860,29751913015,KOSDAQ
20261007,301300,바이브컴퍼니,1796,54744,23625862752,KOSDAQ
20261007,302430,이노메트리,7880,76013,77249279040,KOSDAQ
20261007,302550,리메드,2635,31266,79774659255,KOSDAQ
20261007,303030,지니틱스,1115,25283,10210585740,KOSDAQ
20261007,303360,프로티아,5900,31369,75990318500,KOSDAQ
20261007,303530,이노뎁,3020,6006,22164682980,KOSDAQ
20261007,303810,동국생명과학,2750,1059725,87956385000,KOSDAQ
20261007,304100,솔트룩스,14840,66676,186892808200,KOSDAQ
20261007,304360,에스바이오메딕스,23450,35604,292682451600,KOSDAQ
20261007,304840,피플바이오,561,0,13643890260,KOSDAQ
20261007,305090,마이크로디지탈,538,0,10166241142,KOSDAQ
20261007,306040,에스제이그룹,1767,162150,16410206748,KOSDAQ
20261007,306620,지아이에스,2125,264917,101877141000,KOSDAQ
20261007,307180,아이엘,5650,297517,208573569400,KOSDAQ
20261007,307280,원바이오젠,5990,6790,42496815730,KOSDAQ
20261007,307750,국전,2770,16521510,149542017760,KOSDAQ
20261007,307870,비투엔,1240,306362,92131113400,KOSDAQ
20261007,307930,컴퍼니케이,6510,46063,101621100000,KOSDAQ
20261007,308080,바이젠셀,5900,71380,120945634000,KOSDAQ
20261007,308100,형지글로벌,251,305190,6480819498,KOSDAQ
20261007,308430,셀비온,14160,21375,182738354160,KOSDAQ
20261007,309710,아이티켐,21000,0,268443021000,KOSDAQ
20261007,309930,조이웍스앤코,939,54784,18081279771,KOSDAQ
20261007,309960,LB인베스트먼트,4335,29762,100646731065,KOSDAQ
20261007,310200,애니플러스,2100,245513,109541955600,KOSDAQ
20261007,310210,보로노이,146800,56854,2732911448400,KOSDAQ
20261007,310870,디와이씨,1560,113581,34199259120,KOSDAQ
20261007,311320,지오엘리먼트,8940,36899,112774166400,KOSDAQ
20261007,311390,네오크레마,2470,53424,31254858830,KOSDAQ
20261007,311690,CJ 바이오사이언스,3820,6013,49910064840,KOSDAQ
20261007,312610,에이에프더블류,37,0,749504856,KOSDAQ
20261007,313760,캐리,468,0,5244963048,KOSDAQ
20261007,314130,지놈앤컴퍼니,5320,866590,278232941000,KOSDAQ
20261007,314140,알피바이오,5850,2949,50698211850,KOSDAQ
20261007,314930,바이오다인,6710,10192,199717131130,KOSDAQ
20261007,315640,딥노이드,2185,82928,64178326920,KOSDAQ
20261007,317120,라닉스,1606,134797,24507560000,KOSDAQ
20261007,317240,TS트릴리온,1006,189235,29351771266,KOSDAQ
20261007,317330,덕산테코피아,13750,123730,281553030000,KOSDAQ
20261007,317530,에피소드컴퍼니,3240,118004,56683417680,KOSDAQ
20261007,317690,퀀타매트릭스,2365,76552,47619343585,KOSDAQ
20261007,317770,엑스페릭스,2960,145361,109511125920,KOSDAQ
20261007,317830,에스피시스템스,4885,26598,52630100930,KOSDAQ
20261007,317850,대모,6040,63581,50279496800,KOSDAQ
20261007,317870,엔바이오니아,5320,9516,47038881400,KOSDAQ
20261007,318000,KBG,2790,9449,24385222170,KOSDAQ
20261007,318010,팜스빌,3605,2732,28585263490,KOSDAQ
20261007,318020,포인트모바일,2580,4257,31737281760,KOSDAQ
20261007,318060,그래피,16230,75553,181684738710,KOSDAQ
20261007,318160,셀바이오휴먼텍,6840,9186,63868588920,KOSDAQ
20261007,318410,비비씨,6270,1732,34831373610,KOSDAQ
20261007,319400,현대무벡스,20150,608851,2244227185850,KOSDAQ
20261007,319660,피에스케이,137200,509212,3974233160800,KOSDAQ
20261007,320000,한울반도체,9990,135969,69067563300,KOSDAQ
20261007,321260,프로이천,1732,96142,48828689488,KOSDAQ
20261007,321370,센서뷰,1908,4482434,134747254908,KOSDAQ
20261007,321550,티움바이오,4725,97026,141931794375,KOSDAQ
20261007,321820,아티스트컴퍼니,3995,143799,62287547120,KOSDAQ
20261007,322180,LS티라유텍,4475,42018,96195074350,KOSDAQ
20261007,322310,오로스테크놀로지,16140,85281,151175987880,KOSDAQ
20261007,322510,제이엘케이,5280,68511,135832709760,KOSDAQ
20261007,322780,코퍼스코리아,1635,27929,24902642490,KOSDAQ
20261007,323280,태성,59700,338230,1823117406000,KOSDAQ
20261007,323350,다원넥스뷰,9510,53861,76182441720,KOSDAQ
20261007,323990,박셀바이오,4370,89088,101634597650,KOSDAQ
20261007,327260,RF머트리얼즈,53400,864956,960527587200,KOSDAQ
20261007,328130,루닛,11170,569886,831697870600,KOSDAQ
20261007,328380,솔트웨어,3635,11666,24909037425,KOSDAQ
20261007,330350,위더스제약,7140,59521,94245715200,KOSDAQ
20261007,330730,스톤브릿지벤처스,4700,25150,85623801000,KOSDAQ
20261007,330860,네패스아크,31700,355622,386234226500,KOSDAQ
20261007,331380,포커스에이아이,2165,101676,80018891455,KOSDAQ
20261007,331520,밸로프,2195,10212,21513603270,KOSDAQ
20261007,331740,아우토크립트,6950,20251,67769387450,KOSDAQ
20261007,331920,셀레믹스,10430,173640,116623618650,KOSDAQ
20261007,332290,누보,4450,3636,35329658050,KOSDAQ
20261007,332370,아이디피,5170,562,68625163420,KOSDAQ
20261007,332570,PS일렉트로닉스,8770,1337429,402899088310,KOSDAQ
20261007,333050,이노테나,5830,4884,28709368600,KOSDAQ
20261007,333430,일승,3755,106644,115378934985,KOSDAQ
20261007,333620,엔시스,5240,17900,57629048400,KOSDAQ
20261007,334970,프레스티지바이오로직스,1406,20760,109320207622,KOSDAQ
20261007,335810,프리시젼바이오,1492,6670,32748662952,KOSDAQ
20261007,335870,윙스풋,3810,5954,12763858140,KOSDAQ
20261007,336060,웨이버스,3115,5021,30000689600,KOSDAQ
20261007,336570,원텍,5090,382959,454438488140,KOSDAQ
20261007,336680,탑런토탈솔루션,3015,26868,118023857370,KOSDAQ
20261007,337930,젝시믹스,2360,53986,68555472440,KOSDAQ
20261007,338220,뷰노,8250,194680,115515039750,KOSDAQ
20261007,338840,와이바이오로직스,8180,22520,126003599340,KOSDAQ
20261007,339950,아이비김영,2365,16342,106298839075,KOSDAQ
20261007,340360,다보링크,850,130806,45580291200,KOSDAQ
20261007,340440,세림B&G,3735,67498,21198634920,KOSDAQ
20261007,340450,지씨지놈,10140,1047932,239819041020,KOSDAQ
20261007,340570,티앤엘,28550,51626,458801926000,KOSDAQ
20261007,340810,시선AI,3645,91460,50845861890,KOSDAQ
20261007,340930,성원에너텍,806,0,55513882710,KOSDAQ
20261007,342870,오아,3850,8403,20983258450,KOSDAQ
20261007,344860,이노진,1298,18943,19508940000,KOSDAQ
20261007,347000,센코,1875,127267,70895336250,KOSDAQ
20261007,347700,스피어,26200,2660358,1350645684400,KOSDAQ
20261007,347740,피엔케이피부임상연구센타,1680,6824,50417767680,KOSDAQ
20261007,347770,핌스,943,73003,21368098986,KOSDAQ
20261007,347850,디앤디파마텍,46100,814627,2120424312900,KOSDAQ
20261007,347860,알체라,1680,310776,70818126960,KOSDAQ
20261007,347890,엠엑스온,4405,10860,74943163620,KOSDAQ
20261007,348030,모비릭스,3610,539037,34669718000,KOSDAQ
20261007,348080,큐라티스,3935,128182,50477208055,KOSDAQ
20261007,348150,고바이오랩,2875,21113,55829305875,KOSDAQ
20261007,348210,넥스틴,38000,74772,398126190000,KOSDAQ
20261007,348340,뉴로메카,21150,358920,495088167600,KOSDAQ
20261007,348350,위드텍,9680,11865,94608448000,KOSDAQ
20261007,348370,엔켐,23200,160624,508335060800,KOSDAQ
20261007,351320,넥사다이내믹스,4330,341349,134262656860,KOSDAQ
20261007,351330,이삭엔지니어링,3475,18146,28802607000,KOSDAQ
20261007,351870,차이커뮤니케이션,2375,42501,26506524750,KOSDAQ
20261007,352090,스톰테크,3640,20828,97817712720,KOSDAQ
20261007,352480,씨앤씨인터내셔널,21000,17090,286227921000,KOSDAQ
20261007,352700,씨앤투스,1453,10988,38180334247,KOSDAQ
20261007,352770,셀레스트라,5250,0,13610136750,KOSDAQ
20261007,352910,오비고,4705,3810,59460858410,KOSDAQ
20261007,352940,인바이오,2040,4959,22170169200,KOSDAQ
20261007,353190,휴럼,2610,4107,20555535240,KOSDAQ
20261007,353590,오토앤,1552,8591,19982884640,KOSDAQ
20261007,353810,이지바이오,5860,106843,193860051200,KOSDAQ
20261007,354200,엔젠바이오,704,554487,11324954432,KOSDAQ
20261007,354320,알멕,48750,210307,311579823750,KOSDAQ
20261007,355150,코스텍시스,24550,222355,191424942500,KOSDAQ
20261007,355390,크라우드웍스,1750,652011,27901027000,KOSDAQ
20261007,355690,에이텀,5730,206563,54838328970,KOSDAQ
20261007,356680,엑스게이트,18940,2308743,540613738480,KOSDAQ
20261007,356860,티엘비,50300,680988,1192173378000,KOSDAQ
20261007,356890,싸이버원,2680,95721,32036251000,KOSDAQ
20261007,357230,에이치피오,2120,12730,87542169120,KOSDAQ
20261007,357550,석경에이티,32500,1515,177287500000,KOSDAQ
20261007,357580,아모센스,8390,224360,98916103180,KOSDAQ
20261007,357780,솔브레인,413500,31845,3216437041000,KOSDAQ
20261007,357880,SKAI,1778,645282,98589395912,KOSDAQ
20261007,358570,지아이이노베이션,8910,192027,574837613460,KOSDAQ
20261007,359090,씨엔알리서치,2350,13208,27011236050,KOSDAQ
20261007,360070,탑머티리얼,10330,12140,84623804190,KOSDAQ
20261007,360350,코셈,12100,39871,65799437000,KOSDAQ
20261007,361390,제노코,12770,44156,124333585370,KOSDAQ
20261007,361570,알비더블유,1609,1081,46247955219,KOSDAQ
20261007,361670,삼영에스앤씨,3900,4222,22103866200,KOSDAQ
20261007,362320,청담글로벌,4275,44281,88462220175,KOSDAQ
20261007,362990,드림인사이트,1229,27855,20647905446,KOSDAQ
20261007,363250,진시스템,4190,3947,35650120580,KOSDAQ
20261007,363260,모비데이즈,4055,2348,26084813415,KOSDAQ
20261007,364950,에이아이코리아,3860,45367,32024277700,KOSDAQ
20261007,365270,큐라클,10050,29604,222677769600,KOSDAQ
20261007,365330,에스와이스틸텍,1640,372666,82280440000,KOSDAQ
20261007,365340,성일하이텍,37500,26544,484541812500,KOSDAQ
20261007,365590,하이딥,1450,113807,26690548750,KOSDAQ
20261007,365660,레몬헬스케어,3670,361148,49381901530,KOSDAQ
20261007,365900,브이씨,2515,5652,18385404500,KOSDAQ
20261007,366030,나인앤컴퍼니,4605,21564,104320979250,KOSDAQ
20261007,367000,플래티어,3570,1888,29945898990,KOSDAQ
20261007,368600,아이씨에이치,956,0,24660416740,KOSDAQ
20261007,368770,파이버프로,14020,197211,460616234500,KOSDAQ
20261007,368970,오에스피,2405,15103,27031521790,KOSDAQ
20261007,369370,블리츠웨이엔터테인먼트,2990,14747,29823402180,KOSDAQ
20261007,370090,퓨런티어,6210,14038,53137914300,KOSDAQ
20261007,371950,풍원정밀,3030,166180,71401980300,KOSDAQ
20261007,372170,윤성에프앤씨,23550,85992,187906580400,KOSDAQ
20261007,372320,큐로셀,26500,206383,403519528000,KOSDAQ
20261007,372800,아이티아이즈,2905,31154,20443034045,KOSDAQ
20261007,373110,엑셀세라퓨틱스,1035,63849,17899697790,KOSDAQ
20261007,373160,데이원컴퍼니,3335,3233,45297537450,KOSDAQ
20261007,373170,엠아이큐브솔루션,1917,30550,28973135430,KOSDAQ
20261007,373200,엑스플러스,1858,54582,46530334346,KOSDAQ
20261007,376180,피코그램,1485,25200,27563141430,KOSDAQ
20261007,376270,HEM파마,33900,11902,244729083300,KOSDAQ
20261007,376290,씨유테크,2800,4962,49441000000,KOSDAQ
20261007,376300,디어유,18870,81263,447943721220,KOSDAQ
20261007,376900,로킷헬스케어,27900,115569,486723591000,KOSDAQ
20261007,376930,노을,1487,34912,15254038568,KOSDAQ
20261007,376980,원티드랩,3180,3880,31057132920,KOSDAQ
20261007,377030,비트맥스,2420,66012,34585918840,KOSDAQ
20261007,377220,프롬바이오,1950,33648,11040900000,KOSDAQ
20261007,377330,이지트로닉스,2795,625,22751171430,KOSDAQ
20261007,377450,리파인,14130,7133,244872900000,KOSDAQ
20261007,377460,큐에이드,4080,0,253187202960,KOSDAQ
20261007,377480,마음AI,10200,27485,72524805000,KOSDAQ
20261007,378340,필에너지,12840,36090,277907444880,KOSDAQ
20261007,378800,샤페론,2720,34863,25156208320,KOSDAQ
20261007,380540,옵티코어,8450,0,206658126350,KOSDAQ
20261007,380550,뉴로핏,7780,66301,94907177480,KOSDAQ
20261007,381620,제닉스로보틱스,6060,45100,79494595200,KOSDAQ
20261007,382150,온코크로스,3665,30301,47814887410,KOSDAQ
20261007,382480,지아이텍,1631,39779,64191495340,KOSDAQ
20261007,382800,지앤비에스 에코,6880,3492269,218997562080,KOSDAQ
20261007,382840,원준,5310,50483,81092095110,KOSDAQ
20261007,382900,범한퓨얼셀,25150,144014,220339150000,KOSDAQ
20261007,383310,에코프로에이치엔,25450,130210,533812019400,KOSDAQ
20261007,383930,디티앤씨알오,2155,383523,27549795840,KOSDAQ
20261007,384470,코어라인소프트,2650,31484,47557782450,KOSDAQ
20261007,386380,스카이랩스,15560,1104029,291936362120,KOSDAQ
20261007,387570,파인메딕스,6200,9681,34880580000,KOSDAQ
20261007,387690,레메디,18540,732302,141382165140,KOSDAQ
20261007,388050,지투파워,10250,980686,191771729250,KOSDAQ
20261007,388210,씨엠티엑스,89300,72601,862141313400,KOSDAQ
20261007,388610,지에프씨생명과학,5590,12577,29768890970,KOSDAQ
20261007,388720,유일로보틱스,69500,18234,818803477500,KOSDAQ
20261007,388790,라이콤,5420,911704,165928747200,KOSDAQ
20261007,388870,파로스아이바이오,6650,124855,86090447800,KOSDAQ
20261007,389020,자람테크놀로지,16170,56812,111655175940,KOSDAQ
20261007,389030,지니너스,2070,134608,81542000970,KOSDAQ
20261007,389140,포바이포,5560,24279,79339726600,KOSDAQ
20261007,389260,대명에너지,13600,67394,243662020000,KOSDAQ
20261007,389470,인벤티지랩,29950,402634,398565854600,KOSDAQ
20261007,389500,에스비비테크,42500,58841,283197560000,KOSDAQ
20261007,389650,넥스트바이오메디컬,31500,7526,260734509000,KOSDAQ
20261007,389680,유디엠텍,2890,58209,24046802770,KOSDAQ
20261007,391710,코닉오토메이션,1233,113869,52551039510,KOSDAQ
20261007,393210,토마토시스템,3550,373718,55431631200,KOSDAQ
20261007,393890,더블유씨피,10320,297041,349261246080,KOSDAQ
20261007,393970,대진첨단소재,2825,0,50428566500,KOSDAQ
20261007,394280,오픈엣지테크놀로지,10210,57776,268998071300,KOSDAQ
20261007,394420,리센스메디컬,8540,119861,93937446540,KOSDAQ
20261007,394800,쓰리빌리언,5860,569014,186480160580,KOSDAQ
20261007,396270,넥스트칩,2330,176745,76627714230,KOSDAQ
20261007,396300,HT로보틱스,5720,1431523,151519940000,KOSDAQ
20261007,396470,워트,7150,82693,115258000000,KOSDAQ
20261007,397030,에이프릴바이오,15750,237260,434050816500,KOSDAQ
20261007,397810,애드포러스,6460,736,33338574200,KOSDAQ
20261007,398120,에스지헬스케어,2300,35775,27235475300,KOSDAQ
20261007,399720,가온칩스,46750,69556,554400957000,KOSDAQ
20261007,402030,코난테크놀로지,12790,12141,160098671520,KOSDAQ
20261007,402490,그린리소스,7640,171664,129385057880,KOSDAQ
20261007,403490,우듬지팜,2055,13722,18878241060,KOSDAQ
20261007,403850,더핑크퐁컴퍼니,12720,286874,182544847200,KOSDAQ
20261007,403870,HPSP,65500,2113429,5390650000000,KOSDAQ
20261007,405000,플라즈맵,3745,9401,20123877340,KOSDAQ
20261007,405100,큐알티,18010,95117,221330311010,KOSDAQ
20261007,405920,나라셀라,1804,15719,23232049104,KOSDAQ
20261007,406820,뷰티스킨,2545,1127107,35976519565,KOSDAQ
20261007,407400,꿈비,2080,38216,30439830720,KOSDAQ
20261007,408470,한패스,4620,24861,48842640000,KOSDAQ
20261007,408900,스튜디오미르,996,26706,32621917284,KOSDAQ
20261007,408920,메쎄이상,3015,2907,130345851825,KOSDAQ
20261007,411080,샌즈랩,8500,7967501,129774923000,KOSDAQ
20261007,412350,레이저쎌,6630,369880,96818175090,KOSDAQ
20261007,412540,제일엠앤에스,3935,0,81063616775,KOSDAQ
20261007,413390,엠오티,6680,12617,75387273600,KOSDAQ
20261007,413630,씨피시스템,4235,658010,154309022175,KOSDAQ
20261007,413640,비아이매트릭스,5870,7422,42304737800,KOSDAQ
20261007,415380,스튜디오삼익,2195,14791,25117330125,KOSDAQ
20261007,416180,신성에스티,27850,56165,251757817300,KOSDAQ
20261007,417010,나노팀,6570,139850,132534822960,KOSDAQ
20261007,417030,니어스랩,27950,236773,161482690200,KOSDAQ
20261007,417180,핑거스토리,4010,1672,22916704890,KOSDAQ
20261007,417200,LS머트리얼즈,15600,1221202,1055381480400,KOSDAQ
20261007,417500,제이아이테크,4715,486789,154580067960,KOSDAQ
20261007,417790,트루엔,6980,18637,73069369180,KOSDAQ
20261007,417840,저스템,18800,735545,431397602800,KOSDAQ
20261007,417860,오브젠,7300,7136,34360413800,KOSDAQ
20261007,417970,모델솔루션,11120,6818,71131304000,KOSDAQ
20261007,418250,시큐레터,6550,0,47629012750,KOSDAQ
20261007,418420,라온텍,4015,132319,123559850370,KOSDAQ
20261007,418470,KT밀리의서재,9320,9717,79833153480,KOSDAQ
20261007,418550,제이오,5340,89348,170974373820,KOSDAQ
20261007,418620,E8,555,2293819,17091957600,KOSDAQ
20261007,419050,삼기에너지솔루션즈,1774,714045,101466129760,KOSDAQ
20261007,419080,엔젯,4960,15962,53924212320,KOSDAQ
20261007,419120,산돌,2290,20213,32570873810,KOSDAQ
20261007,419530,SAMG엔터,22800,853697,232727283600,KOSDAQ
20261007,419540,비스토스,2850,36571,16981021050,KOSDAQ
20261007,420570,제이투케이바이오,9950,67693,58182455850,KOSDAQ
20261007,420770,기가비스,135300,137004,1715030057400,KOSDAQ
20261007,424760,벨로크,2200,27199,22216409600,KOSDAQ
20261007,424870,이뮨온시아,3485,547068,318536907465,KOSDAQ
20261007,424960,스마트레이더시스템,3940,15239,64951333400,KOSDAQ
20261007,424980,마이크로투나노,10060,32174,59544033400,KOSDAQ
20261007,425040,티이엠씨,15060,907418,330158843880,KOSDAQ
20261007,425420,티에프이,64800,186935,800097328800,KOSDAQ
20261007,429270,시지트로닉스,3220,271712,23152221820,KOSDAQ
20261007,430690,한싹,3310,527142,36063456240,KOSDAQ
20261007,431190,케이쓰리아이,4300,28765,32191700600,KOSDAQ
20261007,432430,와이랩,2025,36978,33429348000,KOSDAQ
20261007,432470,케이엔에스,10130,37230,88855862280,KOSDAQ
20261007,432720,퀄리타스반도체,11770,166037,166987722440,KOSDAQ
20261007,432980,엠에프씨,2610,5837,22424446620,KOSDAQ
20261007,434480,모니터랩,3025,472621,37238657500,KOSDAQ
20261007,435570,에르코스,7100,3458,54080579300,KOSDAQ
20261007,437730,삼현,50600,357892,1604402890200,KOSDAQ
20261007,438700,버넥트,1808,17151,20149961120,KOSDAQ
20261007,439090,마녀공장,16050,162416,263111823000,KOSDAQ
20261007,439580,블루엠텍,3080,4074774,104247364760,KOSDAQ
20261007,439960,코스모로보틱스,7010,1701063,227478888260,KOSDAQ
20261007,440110,파두,82300,454907,4124137522100,KOSDAQ
20261007,440290,HB인베스트먼트,1706,15706,46925969580,KOSDAQ
20261007,440320,오픈놀,2075,35843,20708500000,KOSDAQ
20261007,441270,파인엠텍,9380,402917,396703884500,KOSDAQ
20261007,443250,레뷰코퍼레이션,5330,10501,57616324610,KOSDAQ
20261007,443670,에스피소프트,5210,1249024,125095038440,KOSDAQ
20261007,444530,심플랫폼,4635,5492,29811328110,KOSDAQ
20261007,445090,에이직랜드,22750,30044,248558719500,KOSDAQ
20261007,445180,퓨릿,9830,37338,168969718040,KOSDAQ
20261007,445680,큐리옥스바이오시스템즈,59200,69502,1019702180800,KOSDAQ
20261007,446540,메가터치,10990,436928,319579429890,KOSDAQ
20261007,446840,지슨,3555,10527,39164069880,KOSDAQ
20261007,448280,에코아이,9640,12224,285644083560,KOSDAQ
20261007,448710,코츠테크놀로지,11440,22870,60463740480,KOSDAQ
20261007,448900,한국피아이엠,54400,35397,330450460800,KOSDAQ
20261007,450330,하스,5050,7088,41343557150,KOSDAQ
20261007,450520,인스웨이브,1861,29934,27365219658,KOSDAQ
20261007,450950,아스테라시스,6120,73289,230280863040,KOSDAQ
20261007,451220,아이엠티,9170,49524,72210182870,KOSDAQ
20261007,451250,삐아,7430,18219,75978266110,KOSDAQ
20261007,451760,컨텍,8070,237226,133217736180,KOSDAQ
20261007,452160,제이엔비,3170,7826,30487560590,KOSDAQ
20261007,452190,한빛레이저,5990,1377258,143284136430,KOSDAQ
20261007,452200,민테크,1679,59782,40854771200,KOSDAQ
20261007,452280,한선엔지니어링,14300,569567,275241681000,KOSDAQ
20261007,452300,캡스톤파트너스,2485,32292,35211219925,KOSDAQ
20261007,452400,이닉스,5400,3204,48985711200,KOSDAQ
20261007,452430,사피엔반도체,35500,26101,293067445500,KOSDAQ
20261007,452450,피아이이,5840,1363085,210406440000,KOSDAQ
20261007,453450,그리드위즈,12990,10174,103176322500,KOSDAQ
20261007,453860,에이에스텍,7090,24182,45690959070,KOSDAQ
20261007,455180,케이지에이,1291,15483,18989235085,KOSDAQ
20261007,455900,엔젤로보틱스,22200,47372,341724178200,KOSDAQ
20261007,456010,아이씨티케이,24950,1023748,361833632500,KOSDAQ
20261007,456070,이엔셀,6000,65193,66177102000,KOSDAQ
20261007,456160,지투지바이오,44700,264507,743335342200,KOSDAQ
20261007,457370,한켐,10940,309120,88254445960,KOSDAQ
20261007,457550,우진엔텍,14130,0,131676876540,KOSDAQ
20261007,457600,벡트,4175,57347,57228812500,KOSDAQ
20261007,458350,에스팀,3000,12647,26049600000,KOSDAQ
20261007,458650,성우,8170,29953,122923123900,KOSDAQ
20261007,458870,씨어스,26000,101066,996979412000,KOSDAQ
20261007,459100,위츠,4130,10948,55614993000,KOSDAQ
20261007,459510,나우로보틱스,15710,30199,203890381220,KOSDAQ
20261007,459550,알트,1999,293641,50416301239,KOSDAQ
20261007,460470,아이빔테크놀로지,3150,17678,47626015500,KOSDAQ
20261007,460870,에스엠씨지,3110,48874,62427975440,KOSDAQ
20261007,460930,현대힘스,12820,71530,455246802220,KOSDAQ
20261007,460940,피앤에스로보틱스,5170,29739,69563797600,KOSDAQ
20261007,461030,아이엠비디엑스,2960,12093,42430170320,KOSDAQ
20261007,461300,아이스크림미디어,17700,13121,236010614100,KOSDAQ
20261007,462310,뉴키즈온,3795,17344,29975205975,KOSDAQ
20261007,462350,이노스페이스,6710,3217316,227345348120,KOSDAQ
20261007,462510,라메디텍,3430,53008,30194169950,KOSDAQ
20261007,462860,더즌,2815,486343,202027209945,KOSDAQ
20261007,462980,아이지넷,1754,40529,31983202498,KOSDAQ
20261007,463020,뉴엔AI,6630,55329,59585136000,KOSDAQ
20261007,463480,모티브링크,4065,27642,50366805270,KOSDAQ
20261007,464080,에스오에스랩,10480,100401,188782203120,KOSDAQ
20261007,464280,티디에스팜,5600,16732,30968000000,KOSDAQ
20261007,464490,쿼드메디슨,5040,29206,58000133520,KOSDAQ
20261007,464500,아이언디바이스,1718,28293,24040425834,KOSDAQ
20261007,464580,닷밀,1620,3976,29817864180,KOSDAQ
20261007,465480,인스피언,3780,14200,38320778160,KOSDAQ
20261007,466100,클로봇,23000,150426,711935997000,KOSDAQ
20261007,466410,사이냅소프트,8750,3911,44073951250,KOSDAQ
20261007,466690,키움히어로제1호스팩,2015,11473,10266425000,KOSDAQ
20261007,468530,프로티나,44000,296850,488626512000,KOSDAQ
20261007,468670,브릴스,25650,2591878,291477596850,KOSDAQ
20261007,468760,유진스팩10호,2080,0,8819200000,KOSDAQ
20261007,469480,IBKS제24호스팩,3840,249213,16243200000,KOSDAQ
20261007,469610,이노테크,15950,47477,142639255000,KOSDAQ
20261007,469750,아이비젼웍스,5900,133363,40658646400,KOSDAQ
20261007,469900,하나31호스팩,2095,284208,11742475000,KOSDAQ
20261007,471820,셀로맥스사이언스,4080,2225,46115746320,KOSDAQ
20261007,472230,에스케이증권제11호스팩,2110,47756,8767050000,KOSDAQ
20261007,472850,폰드그룹,4640,47473,267132465280,KOSDAQ
20261007,473000,에스케이증권제12호스팩,2080,313,6884800000,KOSDAQ
20261007,473050,유안타제15호스팩,2110,44641,14791100000,KOSDAQ
20261007,473950,에스케이증권제13호스팩,2060,155,9105200000,KOSDAQ
20261007,473980,노머스,10370,20295,112854138240,KOSDAQ
20261007,474170,루미르,6840,152999,121873040640,KOSDAQ
20261007,474490,유안타제16호스팩,2080,4225,11460800000,KOSDAQ
20261007,474610,RF시스템즈,8330,98567,120078782600,KOSDAQ
20261007,474650,링크솔루션,26800,27540,154187957600,KOSDAQ
20261007,474660,신한제12호스팩,2090,85306,11536800000,KOSDAQ
20261007,474930,신한제13호스팩,2090,11917,7565800000,KOSDAQ
20261007,475040,스트라드비젼,2900,299944,156093433800,KOSDAQ
20261007,475230,엔알비,9570,58140,104300396310,KOSDAQ
20261007,475240,하나32호스팩,2095,36889,6704000000,KOSDAQ
20261007,475250,하나33호스팩,2090,1008,7733000000,KOSDAQ
20261007,475400,씨메스로보틱스,18310,36066,216184229140,KOSDAQ
20261007,475430,키스트론,4385,110445,78263962350,KOSDAQ
20261007,475460,미트박스,2855,36094,16120828875,KOSDAQ
20261007,475580,에이럭스,7280,35712,99189272000,KOSDAQ
20261007,475660,에스켐,3455,25994,27397579925,KOSDAQ
20261007,475830,오름테라퓨틱,20600,248354,448110069600,KOSDAQ
20261007,475960,토모큐브,34500,66040,464928003000,KOSDAQ
20261007,476040,오가노이드사이언스,7260,17713,47812617600,KOSDAQ
20261007,476060,온코닉테라퓨틱스,15510,157586,704275598400,KOSDAQ
20261007,476080,M83,4165,13303,33640705000,KOSDAQ
20261007,476830,알지노믹스,28300,386703,793968838800,KOSDAQ
20261007,477340,에이치엠씨제7호스팩,2065,1811,15508150000,KOSDAQ
20261007,477380,미래에셋비전스팩4호,2080,9559,16848000000,KOSDAQ
20261007,477470,미래에셋비전스팩5호,2070,2203,11343600000,KOSDAQ
20261007,477760,DB금융스팩12호,2070,1758,12088800000,KOSDAQ
20261007,477850,마키나락스,21300,395135,378175876800,KOSDAQ
20261007,478110,이베스트스팩6호,2062,685,10351240000,KOSDAQ
20261007,478340,나라스페이스테크놀로지,15290,404743,177523245350,KOSDAQ
20261007,478390,KB제29호스팩,2065,11409,12844300000,KOSDAQ
20261007,478440,미래에셋비전스팩6호,2067,249,14324310000,KOSDAQ
20261007,478560,블랙야크아이앤씨,3325,36143,85885740850,KOSDAQ
20261007,479880,한국제15호스팩,2070,3338,14220900000,KOSDAQ
20261007,479960,위너스일렉,6490,19420,46247740000,KOSDAQ
20261007,481070,에이유브랜즈,14330,8689,205804594000,KOSDAQ
20261007,481890,엔에이치스팩31호,2070,2014,13134150000,KOSDAQ
20261007,482520,교보16호스팩,2065,0,12596500000,KOSDAQ
20261007,482630,삼양엔씨켐,15140,162879,331388559200,KOSDAQ
20261007,482680,미래에셋비전스팩7호,2055,0,16881825000,KOSDAQ
20261007,482690,대신밸런스제19호스팩,2085,117,11707275000,KOSDAQ
20261007,483350,딜리셔스,2655,219288,59167896300,KOSDAQ
20261007,484120,도우인시스,23250,35371,254760061500,KOSDAQ
20261007,484130,하나34호스팩,2040,191,9220800000,KOSDAQ
20261007,484590,삼양컴텍,7120,113135,293418404000,KOSDAQ
20261007,484810,티엑스알로보틱스,11960,62932,184792943400,KOSDAQ
20261007,486510,글로벌테크놀로지,12720,1983801,249898951680,KOSDAQ
20261007,486630,KB제30호스팩,2055,36145,10912050000,KOSDAQ
20261007,486990,노타,20250,171287,433196707500,KOSDAQ
20261007,487360,신한제14호스팩,2035,305,11477400000,KOSDAQ
20261007,487400,케이앤에스아이앤씨,6120,101731,62796597840,KOSDAQ
20261007,487580,폴레드,2740,330509,69001039140,KOSDAQ
20261007,487720,키움제10호스팩,2135,26957,9031050000,KOSDAQ
20261007,487830,신한제15호스팩,2040,3083,8874000000,KOSDAQ
20261007,488060,유진스팩11호,2050,4698,9676000000,KOSDAQ
20261007,488280,에스투더블유,16530,1074874,178945283580,KOSDAQ
20261007,488900,비츠로넥스텍,10900,490469,315843228700,KOSDAQ
20261007,489210,교보17호스팩,2060,5286,10670800000,KOSDAQ
20261007,489460,바이오비쥬,11780,99899,173793720860,KOSDAQ
20261007,489480,키움제11호스팩,2200,0,14520000000,KOSDAQ
20261007,489500,엘케이켐,23050,19374,147318035900,KOSDAQ
20261007,489730,디비금융제13호스팩,2045,6559,12948940000,KOSDAQ
20261007,490470,세미파이브,22750,2129308,774078760000,KOSDAQ
20261007,491000,리브스메드,38250,155019,966014115750,KOSDAQ
20261007,492220,KB제31호스팩,2035,6604,12637350000,KOSDAQ
20261007,493280,아이엠바이오로직스,18850,187048,279846364850,KOSDAQ
20261007,493330,지에프아이,12800,30360,102905766400,KOSDAQ
20261007,493790,유안타제17호스팩,2020,2080,10726200000,KOSDAQ
20261007,494120,큐리오시스,10270,50567,156717776280,KOSDAQ
20261007,496070,신한제16호스팩,2005,11770,11268100000,KOSDAQ
20261007,498390,한화플러스제5호스팩,2795,144586,13863200000,KOSDAQ
20261007,900070,글로벌에스엠,1100,96859,29559182400,KOSDAQ
20261007,900100,파이온엑스,1096,0,5782550800,KOSDAQ
20261007,900110,딥커머스,6220,44529,68807369160,KOSDAQ
20261007,900120,씨엑스아이,4885,7315,55366257820,KOSDAQ
20261007,900250,크리스탈신소재,1236,38497,44267341236,KOSDAQ
20261007,900260,로스웰,1904,9903,87640560224,KOSDAQ
20261007,900270,헝셩그룹,2590,43844,32275650190,KOSDAQ
20261007,900290,GRT,3400,128658,315355729000,KOSDAQ
20261007,900300,오가닉티코스메틱,2915,80895,59990982755,KOSDAQ
20261007,900310,컬러레이,1983,2492,25398928305,KOSDAQ
20261007,900340,윙입푸드,1386,62894,49317666552,KOSDAQ
20261007,950130,엑세스바이오,2350,498625,82658509900,KOSDAQ
20261007,950140,잉글우드랩,8260,12658,164108573160,KOSDAQ
20261007,950160,코오롱티슈진,16810,611058,1428348389600,KOSDAQ
20261007,950170,JTC,4205,2313,205090948575,KOSDAQ
20261007,950190,고스트스튜디오,9770,5724,127176666430,KOSDAQ
20261007,950200,소마젠,2965,37744,57034897145,KOSDAQ
20261007,950220,네오이뮨텍,1939,298306,66336757760,KOSDAQ
20261007,950250,테라뷰,4210,611994,150284083720,KOSDAQ
20261007,950260,인제니아테라퓨틱스(Reg.S),27900,434606,1379504535300,KOSDAQ
20261007,000020,동화약품,5610,2421088,156695546700,KOSPI
20261007,000040,KR모터스,997,26970,19616010892,KOSPI
20261007,000050,경방,8100,134137,222063687000,KOSPI
20261007,000070,삼양홀딩스,56800,12561,440949248800,KOSPI
20261007,000080,하이트진로,14860,58731,1042185459460,KOSPI
20261007,000087,하이트진로2우B,12310,85,13911998780,KOSPI
20261007,000100,유한양행,75000,168036,5521183575000,KOSPI
20261007,000105,유한양행우,65100,329,74756934000,KOSPI
20261007,000120,CJ대한통운,70300,39838,1603707783200,KOSPI
20261007,000140,하이트진로홀딩스,7720,1346,179156225800,KOSPI
20261007,000145,하이트진로홀딩스우,9140,8,4303203400,KOSPI
20261007,000150,두산,1399000,61307,22655175165000,KOSPI
20261007,000155,두산우,460000,6795,1838372520000,KOSPI
20261007,000157,두산2우B,370000,367,330424060000,KOSPI
20261007,000180,성창기업지주,4830,7432,67380045600,KOSPI
20261007,000210,DL,49250,36088,1032077287000,KOSPI
20261007,000215,DL우,24300,1144,40972594500,KOSPI
20261007,000220,유유제약,3840,141906,60470254080,KOSPI
20261007,000225,유유제약1우,3625,6268,8217621250,KOSPI
20261007,000227,유유제약2우B,8120,99,2622435200,KOSPI
20261007,000230,일동홀딩스,6270,13068,72358308000,KOSPI
20261007,000240,한국앤컴퍼니,25550,34972,2425595382000,KOSPI
20261007,000270,기아,109600,749640,42789264580800,KOSPI
20261007,000300,DH오토넥스,4200,0,174035631000,KOSPI
20261007,000320,노루홀딩스,15610,6230,207474867110,KOSPI
20261007,000325,노루홀딩스우,28950,56,7051033050,KOSPI
20261007,000370,한화손해보험,7340,268380,856863636100,KOSPI
20261007,000390,SP삼화,7220,106898,196409046180,KOSPI
20261007,000400,롯데손해보험,2240,653767,695153356800,KOSPI
20261007,000430,대원강업,4440,60173,275280000000,KOSPI
20261007,000480,CR홀딩스,4300,10394,201629107000,KOSPI
20261007,000490,대동,7480,105082,215624950200,KOSPI
20261007,000500,가온전선,306500,498458,9126836545500,KOSPI
20261007,000520,삼일제약,8530,46608,185031147830,KOSPI
20261007,000540,흥국화재,3425,21906,220031059125,KOSPI
20261007,000545,흥국화재우,5760,73,4423680000,KOSPI
20261007,000590,CS홀딩스,70700,408,81621877400,KOSPI
20261007,000640,동아쏘시오홀딩스,94700,5254,637570306900,KOSPI
20261007,000650,천일고속,180300,25162,257688366000,KOSPI
20261007,000660,SK하이닉스,1723000,2618253,1258638344895000,KOSPI
20261007,000670,영풍,40150,24517,739188922450,KOSPI
20261007,000680,LS네트웍스,2955,33122,232862912280,KOSPI
20261007,000700,유수홀딩스,6640,19744,172917631680,KOSPI
20261007,000720,현대건설,110900,445459,12349354338500,KOSPI
20261007,000725,현대건설우,51400,2012,54211220200,KOSPI
20261007,000760,이화산업,12330,732,34524000000,KOSPI
20261007,000810,삼성화재,629000,67521,28083260517000,KOSPI
20261007,000815,삼성화재우,394000,4870,1184765880000,KOSPI
20261007,000850,화천기공,36800,3139,80960000000,KOSPI
20261007,000860,강남제비스코,12480,6075,162240000000,KOSPI
20261007,000880,한화,118000,101229,6292809846000,KOSPI
20261007,00088K,한화3우B,37250,19566,546703834250,KOSPI
20261007,000890,보해양조,1315,79784,36325592875,KOSPI
20261007,000910,유니온,2955,39028,46132334145,KOSPI
20261007,000950,전방,29900,234,50232000000,KOSPI
20261007,000970,한국주철관,6510,30860,148431255000,KOSPI
20261007,000990,DB하이텍,134400,555063,5847016627200,KOSPI
20261007,001020,페이퍼코리아,1933,20021,68808347646,KOSPI
20261007,001040,CJ,131900,67395,3848446036200,KOSPI
20261007,001045,CJ우,66500,838,150304829500,KOSPI
20261007,00104K,CJ4우(전환),128000,3625,540993536000,KOSPI
20261007,001060,JW중외제약,27650,52359,643855964500,KOSPI
20261007,001065,JW중외제약우,21600,579,7386141600,KOSPI
20261007,001067,JW중외제약2우B,50000,4,10498650000,KOSPI
20261007,001070,대한방직,5640,2333,29892000000,KOSPI
20261007,001080,만호제강,3865,34286,135719320400,KOSPI
20261007,001120,LX인터내셔널,43950,99654,1703502000000,KOSPI
20261007,001130,대한제분,11210,16271,189449000000,KOSPI
20261007,001200,유진투자증권,4020,206292,389403000360,KOSPI
20261007,001210,금호전기,8760,751635,110609007240,KOSPI
20261007,001230,동국홀딩스,2005,391732,311792968575,KOSPI
20261007,001250,GS글로벌,3065,948560,252965986660,KOSPI
20261007,001260,남광토건,8060,28737,79250530320,KOSPI
20261007,001270,부국증권,49800,1511,516420322800,KOSPI
20261007,001275,부국증권우,30450,316,91350000000,KOSPI
20261007,001290,상상인증권,4170,39612,90353158080,KOSPI
20261007,001340,PKC,5070,73660,228292411230,KOSPI
20261007,001360,삼성제약,1434,1051254,135028421286,KOSPI
20261007,001380,SG글로벌,1105,0,24842688455,KOSPI
20261007,001390,KG케미칼,4220,116108,280223343920,KOSPI
20261007,001420,태원물산,2625,33056,19950000000,KOSPI
20261007,001430,세아베스틸지주,44150,145374,1583312553850,KOSPI
20261007,001440,대한전선,29800,3965040,5840579360800,KOSPI
20261007,001450,현대해상,48100,288204,4100440825000,KOSPI
20261007,001460,BYC,37800,6487,236104470000,KOSPI
20261007,001465,BYC우,26950,1802,58046257500,KOSPI
20261007,001470,삼부토건,5820,0,227794235460,KOSPI
20261007,001500,현대차증권,7680,42752,474877777920,KOSPI
20261007,001510,SK증권,2260,1787805,522726892100,KOSPI
20261007,001515,SK증권우,3985,4752,7795684145,KOSPI
20261007,001520,동양,1126,266205,120619408032,KOSPI
20261007,001525,동양우,7500,1860,1969612500,KOSPI
20261007,001527,동양2우B,4900,619,1007954500,KOSPI
20261007,001530,DI동일,25450,16179,527212554450,KOSPI
20261007,001550,조비,10120,11229,52545458680,KOSPI
20261007,001560,제일연마,9160,3019,69616000000,KOSPI
20261007,001570,금양,9900,0,633275240400,KOSPI
20261007,001620,케이비아이동국실업,2180,10850,48523761080,KOSPI
20261007,001630,종근당홀딩스,37550,4523,188120280550,KOSPI
20261007,001680,대상,17590,34599,609458759750,KOSPI
20261007,001685,대상우,14670,236,20101171410,KOSPI
20261007,001720,신영증권,139600,4866,2295024000000,KOSPI
20261007,001740,SK네트웍스,6370,586371,1277783072930,KOSPI
20261007,001750,한양증권,19200,6935,290102131200,KOSPI
20261007,001755,한양증권우,19290,101,9121662300,KOSPI
20261007,001770,SHD,3925,0,4768396150,KOSPI
20261007,001780,알루코,1669,395726,161609490308,KOSPI
20261007,001790,대한제당,2800,69193,241477362000,KOSPI
20261007,001795,대한제당우,2140,3654,13873106400,KOSPI
20261007,001800,오리온홀딩스,22800,32611,1371571665600,KOSPI
20261007,001820,삼화콘덴서,159700,776066,1660081500000,KOSPI
20261007,001940,KISCO홀딩스,25250,3936,357953595000,KOSPI
20261007,002020,코오롱,23000,25000,296876640000,KOSPI
20261007,002025,코오롱우,12980,687,15062472260,KOSPI
20261007,002030,아세아,209000,1492,430300068000,KOSPI
20261007,002070,비비안,3715,18978,17838687000,KOSPI
20261007,002100,경농,9000,7849,175703175000,KOSPI
20261007,002140,고려산업,1917,53599,47808877725,KOSPI
20261007,002150,도화엔지니어링,4970,11296,167588400000,KOSPI
20261007,002170,SYTS,52000,3414,156000000000,KOSPI
20261007,002200,한국수출포장,2755,30950,92292337455,KOSPI
20261007,002210,동성제약,1293,49811,124929022551,KOSPI
20261007,002220,한일철강,2895,87283,77289146700,KOSPI
20261007,002240,고려제강,16720,28126,451440000000,KOSPI
20261007,002310,아세아제지,7530,40766,297054810300,KOSPI
20261007,002320,한진,16860,74286,261643865760,KOSPI
20261007,002350,넥센타이어,5760,64317,562566971520,KOSPI
20261007,002355,넥센타이어1우B,3960,101,25740000000,KOSPI
20261007,002360,SH에너지화학,3400,61441,37785468200,KOSPI
20261007,002380,KCC,467500,12569,4017178880000,KOSPI
20261007,002390,한독,8650,11168,119054560450,KOSPI
20261007,002410,범양건영,1935,0,53173451700,KOSPI
20261007,002420,우양피앤엘,5690,9110,177345259960,KOSPI
20261007,002450,삼익악기,1083,232619,98044980945,KOSPI
20261007,002460,HS화성,11110,2401,112766500000,KOSPI
20261007,002600,조흥,139000,21,83400000000,KOSPI
20261007,002620,제일파마홀딩스,7560,8177,120758563800,KOSPI
20261007,002630,오리엔트바이오,1659,24072,49182300909,KOSPI
20261007,002690,동일제강,1317,38816,26735574120,KOSPI
20261007,002700,신일전자,1048,892043,71837802008,KOSPI
20261007,002710,TCC스틸,14310,429198,375118004070,KOSPI
20261007,002720,국제약품,4430,6113624,93738055760,KOSPI
20261007,002760,보락,994,51019,59540600000,KOSPI
20261007,002780,진흥기업,6640,46479,96593235360,KOSPI
20261007,002785,진흥기업우B,6840,1771,586331640,KOSPI
20261007,002787,진흥기업2우B,9930,955,292736400,KOSPI
20261007,002790,아모레퍼시픽홀딩스,26500,136353,2026141770000,KOSPI
20261007,002795,아모레퍼시픽홀딩스우,11220,3531,71596749840,KOSPI
20261007,00279K,아모레퍼시픽홀딩스3우C,21550,7743,152836910000,KOSPI
20261007,002810,삼영무역,21500,14389,397039382000,KOSPI
20261007,002820,SUN&L,991,66011,11954635164,KOSPI
20261007,002840,미원상사,139700,2439,628650000000,KOSPI
20261007,002870,신풍,1164,143463,40691926800,KOSPI
20261007,002880,디와이에이,3655,4584,34191790345,KOSPI
20261007,002900,TYM,6630,113699,274482000000,KOSPI
20261007,002920,유성기업,1794,59232,46549815000,KOSPI
20261007,002960,한국쉘석유,541000,1476,703300000000,KOSPI
20261007,002990,금호건설,11420,841675,425508903080,KOSPI
20261007,002995,금호건설우,14270,5105,4170635820,KOSPI
20261007,003000,부광약품,4270,2523490,421298145170,KOSPI
20261007,003010,혜인,8320,469433,105770055040,KOSPI
20261007,003030,세아제강지주,107000,11828,443157299000,KOSPI
20261007,003060,에이프로젠바이오로직스,1540,138497,25042252620,KOSPI
20261007,003070,코오롱글로벌,9080,6660,230849547720,KOSPI
20261007,003075,코오롱글로벌우,12380,109,9170324060,KOSPI
20261007,003080,SB성보,2245,4039,44944900000,KOSPI
20261007,003090,대웅,15700,73421,912829086000,KOSPI
20261007,0030R0,대신밸류리츠,4005,15469,239418900000,KOSPI
20261007,003120,일성아이에스,22200,4373,295260000000,KOSPI
20261007,003160,디아이,41550,564970,1175865000000,KOSPI
20261007,003200,일신방직,11100,45093,254856000000,KOSPI
20261007,003220,대원제약,8250,337471,185027559750,KOSPI
20261007,003230,삼양식품,1217000,24784,9167679255000,KOSPI
20261007,003240,태광산업,924000,1137,1028781600000,KOSPI
20261007,003280,흥아해운,1841,3369612,442622239059,KOSPI
20261007,003300,한일홀딩스,17070,7504,526292749080,KOSPI
20261007,003350,한국화장품제조,16830,5829553,381367800000,KOSPI
20261007,003460,유화증권,2975,27473,168689684625,KOSPI
20261007,003465,유화증권우,3155,36,55138120875,KOSPI
20261007,003470,유안타증권,4255,181323,819853834010,KOSPI
20261007,003475,유안타증권우,4150,5367,53167185500,KOSPI
20261007,003480,한진중공업홀딩스,4670,20321,137904222040,KOSPI
20261007,003490,대한항공,30850,1257789,11359605787650,KOSPI
20261007,003495,대한항공우,21900,1351,24326322900,KOSPI
20261007,003520,영진약품,1069,326688,195512329439,KOSPI
20261007,003530,한화투자증권,4450,922489,954737598750,KOSPI
20261007,003535,한화투자증권우,6560,7094,31488000000,KOSPI
20261007,003540,대신증권,25000,29329,1191653150000,KOSPI
20261007,003545,대신증권우,19910,34399,485472179940,KOSPI
20261007,003547,대신증권2우B,19180,5754,184255853880,KOSPI
20261007,003550,LG,110800,111956,16752074043200,KOSPI
20261007,003555,LG우,68000,2588,204761532000,KOSPI
20261007,003570,SNT다이내믹스,30550,59777,1015869893350,KOSPI
20261007,003580,HLB글로벌,2030,980647,102846915150,KOSPI
20261007,003610,방림,5490,60247,176288171220,KOSPI
20261007,003620,KG모빌리티,2600,458273,526174771200,KOSPI
20261007,003650,미창석유,122200,999,212587918400,KOSPI
20261007,003670,포스코퓨처엠,191400,779889,17024306508000,KOSPI
20261007,003680,한성기업,4415,46804,27415008725,KOSPI
20261007,003690,코리안리,14640,88345,2587195893840,KOSPI
20261007,003720,삼영,6450,148888,219300000000,KOSPI
20261007,003780,진양산업,4185,1607557,54405000000,KOSPI
20261007,003830,대한화섬,107700,13,143025600000,KOSPI
20261007,003850,보령,8770,134217,752353805390,KOSPI
20261007,003920,남양유업,41800,1112,237150084600,KOSPI
20261007,003925,남양유업우,29900,851,56545355100,KOSPI
20261007,003960,사조대림,27250,1821,249731725750,KOSPI
20261007,004000,롯데정밀화학,42700,34365,1101660000000,KOSPI
20261007,004020,현대제철,28450,863835,3796532583250,KOSPI
20261007,004060,SG세계물산,2185,756174,44229853760,KOSPI
20261007,004080,신흥,14330,1126,133269000000,KOSPI
20261007,004090,한국석유,11730,73318,148902027600,KOSPI
20261007,004100,태양금속,3195,304079,117256500000,KOSPI
20261007,004105,태양금속우,4495,86844,14833500000,KOSPI
20261007,004140,동방,1811,128083,86876868226,KOSPI
20261007,004150,한솔홀딩스,3545,33274,145439367900,KOSPI
20261007,004170,신세계,319500,70277,3017735329500,KOSPI
20261007,004250,NPC,2900,29748,106488000000,KOSPI
20261007,004255,NPC우,1865,1993,9847200000,KOSPI
20261007,004270,남성,5590,10924,25491115520,KOSPI
20261007,004310,현대약품,8170,1069040,261440000000,KOSPI
20261007,004360,세방,13490,25643,257869484470,KOSPI
20261007,004365,세방우,9100,1222,33572175000,KOSPI
20261007,004370,농심,400000,15072,2433056800000,KOSPI
20261007,004380,삼익THK,7660,12025,158562000000,KOSPI
20261007,004410,서울식품,1213,126837,47858930769,KOSPI
20261007,004415,서울식품우,3915,1362,870891750,KOSPI
20261007,004430,송원산업,11760,126340,282240000000,KOSPI
20261007,004440,삼일씨엔에스,5360,25336,68243235920,KOSPI
20261007,004450,삼화왕관,27900,755,60107174100,KOSPI
20261007,004490,세방전지,62700,34317,869022000000,KOSPI
20261007,004540,깨끗한나라,1232,14146,45880533776,KOSPI
20261007,004545,깨끗한나라우,3395,490,1243113200,KOSPI
20261007,004560,현대비앤지스틸,11930,35162,179890215230,KOSPI
20261007,004690,삼천리,128300,4933,465315489100,KOSPI
20261007,004700,조광피혁,66500,1737,442167677000,KOSPI
20261007,004710,한솔테크닉스,11840,750975,628035241280,KOSPI
20261007,004720,팜젠사이언스,2920,32821,66150745800,KOSPI
20261007,004770,써니전자,1765,554682,62670628070,KOSPI
20261007,004800,효성,152000,27892,2544541864000,KOSPI
20261007,004830,덕성,3440,67643,53939200000,KOSPI
20261007,004835,덕성우,4930,36534,6862560000,KOSPI
20261007,004840,DRB동일,3985,44485,76800370540,KOSPI
20261007,004870,티웨이홀딩스,973,59099,22021615154,KOSPI
20261007,004890,동일산업,34300,220,83184874500,KOSPI
20261007,004910,조광페인트,3425,10175,43840000000,KOSPI
20261007,004920,씨아이테크,7210,7529,37621686270,KOSPI
20261007,004960,한신공영,10920,14276,126352065840,KOSPI
20261007,004970,신라교역,8930,7463,142880000000,KOSPI
20261007,004980,성신양회,8130,53501,199315673490,KOSPI
20261007,004985,성신양회우,8880,914,6532527600,KOSPI
20261007,004990,롯데지주,23300,39311,2322165980800,KOSPI
20261007,00499K,롯데지주우,24200,153,19495592600,KOSPI
20261007,005010,휴스틸,3950,260709,221942896250,KOSPI
20261007,005030,부산주공,25,11689418,2319574700,KOSPI
20261007,005070,코스모신소재,46400,133650,1541156094400,KOSPI
20261007,005090,SGC에너지,47450,37287,683722850850,KOSPI
20261007,005110,한창,58,7093515,1224171606,KOSPI
20261007,005180,빙그레,88600,66593,783383568600,KOSPI
20261007,005250,녹십자홀딩스,9940,260446,467460407400,KOSPI
20261007,005257,녹십자홀딩스2우,18750,518,15862312500,KOSPI
20261007,005300,롯데칠성,95300,8498,884277645200,KOSPI
20261007,005305,롯데칠성우,66000,156,51170460000,KOSPI
20261007,005320,온타이드,1556,354881,53196286820,KOSPI
20261007,005360,모나미,1034,299016,19539815438,KOSPI
20261007,005380,현대차,336000,565481,68364741312000,KOSPI
20261007,005385,현대차우,173400,61738,3960289015800,KOSPI
20261007,005387,현대차2우B,174000,97051,5960726178000,KOSPI
20261007,005389,현대차3우B,170000,8943,394727420000,KOSPI
20261007,005420,코스모화학,11470,114976,440542375160,KOSPI
20261007,005430,한국공항,95600,2761,302703538000,KOSPI
20261007,005440,현대지에프홀딩스,12280,352568,2252117603720,KOSPI
20261007,005490,POSCO홀딩스,307500,209023,24366769552500,KOSPI
20261007,005500,삼진제약,19820,39601,264002400000,KOSPI
20261007,005610,삼립,41100,3247,354652269900,KOSPI
20261007,005680,삼영전자,12500,18618,250000000000,KOSPI
20261007,005690,파미셀,13020,898263,781252262280,KOSPI
20261007,005720,넥센,6290,104680,330501615330,KOSPI
20261007,005725,넥센우,4490,121,16166694000,KOSPI
20261007,005740,크라운해태홀딩스,5220,1529,77503151340,KOSPI
20261007,005745,크라운해태홀딩스우,5000,2307,3003630000,KOSPI
20261007,005750,대림바스,4230,19576,70185175200,KOSPI
20261007,005800,신영와코루,13350,7244,120150000000,KOSPI
20261007,005810,풍산홀딩스,35300,23304,508930407600,KOSPI
20261007,005820,원림,14420,1755,33136727400,KOSPI
20261007,005830,DB손해보험,186900,154047,12242015228100,KOSPI
20261007,005850,에스엘,50900,35013,2364229668000,KOSPI
20261007,005870,휴니드,4400,44369,62110466000,KOSPI
20261007,005880,대한해운,2070,1133988,668086993800,KOSPI
20261007,005930,삼성전자,268500,16395504,1569725806248000,KOSPI
20261007,005935,삼성전자우,198000,2726097,158869498194000,KOSPI
20261007,005940,NH투자증권,26550,377370,9802422087750,KOSPI
20261007,005945,NH투자증권우,22100,32061,417048392800,KOSPI
20261007,005950,이수화학,11450,184013,301068235050,KOSPI
20261007,005960,동부건설,8260,16910,189539436380,KOSPI
20261007,005965,동부건설우,17100,58,3860017200,KOSPI
20261007,006040,동원산업,35150,18057,1551549787850,KOSPI
20261007,006060,화승인더,2250,31296,124470000000,KOSPI
20261007,006090,사조오양,8910,3266,83956577760,KOSPI
20261007,006110,삼아알미늄,66000,178062,998148030000,KOSPI
20261007,006120,SK디스커버리,71900,123976,1252048696900,KOSPI
20261007,006125,SK디스커버리우,44200,4936,54441361000,KOSPI
20261007,006200,한국전자홀딩스,1629,43891,15248461383,KOSPI
20261007,006220,제주은행,9640,43762,364378089480,KOSPI
20261007,006260,LS,280000,330540,8736000000000,KOSPI
20261007,006280,녹십자,130500,26923,1525093209000,KOSPI
20261007,006340,대원전선,12950,2349036,1015466687200,KOSPI
20261007,006345,대원전선우,9860,31911,25845032000,KOSPI
20261007,006360,GS건설,32850,699214,2811351946500,KOSPI
20261007,006370,대구백화점,2990,52879,32356616890,KOSPI
20261007,006400,삼성SDI,562000,341875,45289067860000,KOSPI
20261007,006405,삼성SDI우,221500,4907,358363964000,KOSPI
20261007,006490,프리티,1461,37077,25927392513,KOSPI
20261007,006570,대림통상,1837,7205,27968325000,KOSPI
20261007,006650,대한유화,90600,41355,588900000000,KOSPI
20261007,006660,삼성공조,13030,124387,105885871420,KOSPI
20261007,006740,블루산업개발,4450,46386,26481767550,KOSPI
20261007,006800,미래에셋증권,30500,1094459,16562142055500,KOSPI
20261007,006805,미래에셋증권우,10960,29407,147457297680,KOSPI
20261007,00680K,미래에셋증권2우B,9980,312384,1270166077000,KOSPI
20261007,006840,AK홀딩스,6790,2814,89950939190,KOSPI
20261007,006880,신송홀딩스,4250,14566,50272646500,KOSPI
20261007,006890,태경케미컬,4850,15055,56260000000,KOSPI
20261007,006980,우성,16630,582,51386700000,KOSPI
20261007,007070,GS리테일,22450,60980,1876986466750,KOSPI
20261007,007110,일신석재,2505,78908,38805761610,KOSPI
20261007,007120,미래아이앤지,980,41017,26776651720,KOSPI
20261007,007160,사조산업,47900,3138,239500000000,KOSPI
20261007,007210,벽산,1464,99792,95687040000,KOSPI
20261007,007280,한국특강,2265,44463,64884413100,KOSPI
20261007,007310,오뚜기,315000,2440,1262466450000,KOSPI
20261007,007340,DN오토모티브,49050,96453,2869957928250,KOSPI
20261007,007460,에이프로젠,2160,617191,55404032400,KOSPI
20261007,007540,샘표,47000,9408,94726996000,KOSPI
20261007,007570,일양약품,8100,24989,154593878400,KOSPI
20261007,007575,일양약품우,7890,526,3511681200,KOSPI
20261007,007590,동방아그로,5540,1572,75441376580,KOSPI
20261007,007610,선도전기,4240,515188,76320000000,KOSPI
20261007,007660,이수페타시스,122000,1381280,8955924718000,KOSPI
20261007,007690,국도화학,38600,3494,357468115200,KOSPI
20261007,007700,F&F홀딩스,13470,3315,526870523490,KOSPI
20261007,007810,코리아써키트,88400,720927,2120063608000,KOSPI
20261007,007815,코리아써우,22150,593,65667883500,KOSPI
20261007,00781K,코리아써키트2우B,16120,321,12633227880,KOSPI
20261007,007860,서연,7490,14892,175864031560,KOSPI
20261007,007980,TP,1784,457985,83664872400,KOSPI
20261007,008040,사조동아원,7860,32956,110939655600,KOSPI
20261007,008060,대덕,16330,74767,510918310340,KOSPI
20261007,00806K,대덕1우,10950,1774,13275309150,KOSPI
20261007,008250,이건산업,3275,59608,35869879625,KOSPI
20261007,008260,NI스틸,3200,52071,91520374400,KOSPI
20261007,008350,남선알미늄,1073,608472,138501863570,KOSPI
20261007,008355,남선알미우,7180,288,2210650200,KOSPI
20261007,008420,문배철강,2065,42872,42339737825,KOSPI
20261007,008490,서흥,20900,18456,241794461700,KOSPI
20261007,008600,윌비스,2620,0,17615839860,KOSPI
20261007,008700,아남전자,1244,126291,95943276080,KOSPI
20261007,008730,율촌화학,15780,51299,391344000000,KOSPI
20261007,008770,호텔신라,39400,152137,1546375967400,KOSPI
20261007,008775,호텔신라우,27750,822,20864642250,KOSPI
20261007,008870,금비,38700,53,38700000000,KOSPI
20261007,008930,한미사이언스,58100,702637,3973549055000,KOSPI
20261007,008970,KBI동양철관,1414,2453053,146726406498,KOSPI
20261007,009070,KCTC,4175,449028,125250000000,KOSPI
20261007,009140,케이아이이,23750,21518,37306428750,KOSPI
20261007,009150,삼성전기,1604000,597877,119808688384000,KOSPI
20261007,009155,삼성전기우,528000,13219,1534887552000,KOSPI
20261007,009160,SIMPAC,4915,39561,321298307720,KOSPI
20261007,009180,한솔로지스틱스,2800,9641,78836310000,KOSPI
20261007,009190,대양금속,665,13583119,29884551375,KOSPI
20261007,009200,무림페이퍼,1511,13736,62871667410,KOSPI
20261007,009240,한샘,40500,24224,953124084000,KOSPI
20261007,009270,신원,1070,114448,122804320510,KOSPI
20261007,009290,광동제약,6900,287649,343618675200,KOSPI
20261007,009310,참엔지니어링,5330,0,23329484620,KOSPI
20261007,009320,아진전자부품,1003,262758,49447669310,KOSPI
20261007,009410,태영건설,1624,294744,518791894488,KOSPI
20261007,009415,태영건설우,6010,2839,3906343740,KOSPI
20261007,009420,한올바이오파마,45800,192166,2392621220400,KOSPI
20261007,009440,KC그린홀딩스,756,0,17568790596,KOSPI
20261007,009450,경동나비엔,61700,21841,898882126400,KOSPI
20261007,009460,한창제지,2715,7265,33502247490,KOSPI
20261007,009470,삼화전기,26950,39741,178242449000,KOSPI
20261007,009540,HD한국조선해양,301500,285154,21338094474000,KOSPI
20261007,009580,무림P&P,1761,332900,109830618564,KOSPI
20261007,009680,모토닉,10010,5149,217548270940,KOSPI
20261007,009770,삼정펄프,27800,515,69499193800,KOSPI
20261007,009810,MDS스피어,1882,2300,38301816592,KOSPI
20261007,009830,한화솔루션,36150,2094828,8129865176400,KOSPI
20261007,009835,한화솔루션우,19050,6669,48474934800,KOSPI
20261007,009900,명신산업,8480,117609,444946727840,KOSPI
20261007,009970,영원무역홀딩스,170900,14980,2213807325300,KOSPI
20261007,010040,한국내화,1694,53256,69567603028,KOSPI
20261007,010060,OCI홀딩스,240000,165142,4480855680000,KOSPI
20261007,010100,한국무브넥스,3400,49565,103531428000,KOSPI
20261007,010120,LS ELECTRIC,205500,865767,30825000000000,KOSPI
20261007,010130,고려아연,1063000,13711,22187966047000,KOSPI
20261007,010140,삼성중공업,19540,2513129,17195200000000,KOSPI
20261007,010400,우진아이엔에스,3970,33926,30259340000,KOSPI
20261007,010580,에스엠벡셀,2155,362956,239747542800,KOSPI
20261007,010640,진양폴리,2075,258316,34652500000,KOSPI
20261007,010660,화천기계,3020,27908,66440000000,KOSPI
20261007,010690,화신,7550,94767,263649095500,KOSPI
20261007,010770,평화홀딩스,3525,13012,51554767650,KOSPI
20261007,010780,아이에스동서,14750,25726,438438853000,KOSPI
20261007,010820,퍼스텍,6000,414051,292631628000,KOSPI
20261007,010950,S-Oil,170600,380552,19206624315200,KOSPI
20261007,010955,S-Oil우,90300,23961,363180008100,KOSPI
20261007,010960,삼호개발,3080,19901,74289600000,KOSPI
20261007,011000,진원생명과학,2670,0,48531471270,KOSPI
20261007,011070,LG이노텍,591000,325129,13987260237000,KOSPI
20261007,011090,에넥스,1539,261842,18248006106,KOSPI
20261007,011150,CJ씨푸드,1872,43631,67262407056,KOSPI
20261007,011155,CJ씨푸드1우,5440,870,1088000000,KOSPI
20261007,011170,롯데케미칼,60700,95347,2596467933300,KOSPI
20261007,011200,HMM,21400,549943,20185292558000,KOSPI
20261007,011210,현대위아,52000,58514,1414144316000,KOSPI
20261007,011230,삼화전자,2625,103690,50310185625,KOSPI
20261007,011280,태림포장,1537,49877,108828729780,KOSPI
20261007,011300,우성머티리얼스,2770,32342,47751766850,KOSPI
20261007,011330,유니켐,4215,90634,42229174560,KOSPI
20261007,011390,부산산업,47150,1559,49790400000,KOSPI
20261007,011420,갤럭시아에스엠,1401,26034,38597051244,KOSPI
20261007,011500,한농화성,14660,68062,229239035720,KOSPI
20261007,011690,와이투솔루션,3720,218821,136519394640,KOSPI
20261007,011700,한신기계,2580,637718,83711069580,KOSPI
20261007,011760,현대코퍼레이션,24600,15383,325432563600,KOSPI
20261007,011780,금호석유화학,115900,57169,2915733967500,KOSPI
20261007,011785,금호석유화학우,49000,2820,148150814000,KOSPI
20261007,011790,SKC,108200,255399,5366535843600,KOSPI
20261007,011810,STX,3530,0,109493282310,KOSPI
20261007,011930,신성이엔지,19640,320671,398813414480,KOSPI
20261007,012030,DB,2015,412429,405365474995,KOSPI
20261007,0120G0,삼양바이오팜,49900,40958,371049913000,KOSPI
20261007,012160,영흥,2090,6228,32647269270,KOSPI
20261007,012170,아센디오,3140,74258,22911703940,KOSPI
20261007,012200,계양전기,3060,339880,108393856740,KOSPI
20261007,012205,계양전기우,4940,2627,5775250260,KOSPI
20261007,012280,영화금속,3780,22361,37440525780,KOSPI
20261007,012320,경동인베스트,47650,32335,112693345950,KOSPI
20261007,012330,현대모비스,373500,188601,33547988497500,KOSPI
20261007,012450,한화에어로스페이스,972000,168907,50119625772000,KOSPI
20261007,012610,경인양행,3440,92142,143160295600,KOSPI
20261007,012630,HDC,22600,46125,1350162894600,KOSPI
20261007,012690,모나리자,1418,96085,51858039590,KOSPI
20261007,0126Z0,삼성에피스홀딩스,369000,26170,9181845081000,KOSPI
20261007,012750,에스원,83800,135181,3184331116400,KOSPI
20261007,012800,대창,1150,460065,104811573850,KOSPI
20261007,013000,세우글로벌,1211,19024,34761792541,KOSPI
20261007,013360,일성건설,1347,149268,72771513360,KOSPI
20261007,013520,화승코퍼레이션,2545,56552,127380436340,KOSPI
20261007,013570,디와이,4170,13430,109752869610,KOSPI
20261007,013580,계룡건설,21300,19057,190228319100,KOSPI
20261007,013700,까뮤이앤씨,1503,131319,89805497490,KOSPI
20261007,013870,지엠비코리아,3775,4610,71997857000,KOSPI
20261007,013890,지누스,6780,10166,148657012140,KOSPI
20261007,014130,한익스프레스,2810,41911,33208251230,KOSPI
20261007,014160,대영포장,655,0,70998429595,KOSPI
20261007,014280,금강공업,4595,186269,134768395415,KOSPI
20261007,014285,금강공업우,5890,902,3474363750,KOSPI
20261007,014440,영보화학,4650,11707,93000000000,KOSPI
20261007,014530,극동유화,3400,45300,118556028000,KOSPI
20261007,014580,태경비케이,3970,44394,109504907000,KOSPI
20261007,014680,한솔케미칼,269000,27333,2903595684000,KOSPI
20261007,014710,사조씨푸드,9960,5003,171496688280,KOSPI
20261007,014790,HL D&I,2485,28082,94078623485,KOSPI
20261007,014820,동원시스템즈,21650,13793,627661255300,KOSPI
20261007,014825,동원시스템즈우,13510,65,3568139610,KOSPI
20261007,014830,유니드,60500,5213,409439800000,KOSPI
20261007,014910,성문전자,1945,137898,42512364865,KOSPI
20261007,014915,성문전자우,4900,2,2940000000,KOSPI
20261007,014990,인디에프,3855,130980,57912119145,KOSPI
20261007,015020,이스타코,928,0,19883142400,KOSPI
20261007,015230,대창단조,6500,38125,176433530000,KOSPI
20261007,015260,에이엔피,192,10995727,9046443648,KOSPI
20261007,015360,INVENI,14610,10117,383512500000,KOSPI
20261007,015590,DKME,2190,119748,116937914520,KOSPI
20261007,015760,한국전력,30050,888594,19291020513850,KOSPI
20261007,015860,일진홀딩스,7160,105870,353327978280,KOSPI
20261007,015890,태경산업,4835,26162,141321006250,KOSPI
20261007,016090,대현,1415,53693,62659468650,KOSPI
20261007,016360,삼성증권,89400,238120,7983420000000,KOSPI
20261007,016380,KG스틸,5600,258639,560049823200,KOSPI
20261007,016450,한세예스24홀딩스,4305,12846,172200000000,KOSPI
20261007,016580,환인제약,10180,5945,189348712600,KOSPI
20261007,016590,신대양제지,9010,4606,363083358200,KOSPI
20261007,016610,DB증권,10150,31240,430830848350,KOSPI
20261007,016710,대성홀딩스,6870,8775,110534583330,KOSPI
20261007,016740,두올,4045,32124,115986427080,KOSPI
20261007,016800,퍼시스,24050,210,276575000000,KOSPI
20261007,016880,웅진,1813,55865,144907796040,KOSPI
20261007,017040,광명전기,932,0,40390657180,KOSPI
20261007,017180,명문제약,1315,231000,44648792010,KOSPI
20261007,017370,우신시스템,3675,7326,67304148450,KOSPI
20261007,017390,서울가스,54200,1964,268290000000,KOSPI
20261007,017550,수산세보틱스,1835,118875,114502403550,KOSPI
20261007,017670,SK텔레콤,87400,258353,18772650632200,KOSPI
20261007,017800,현대엘리베이터,72000,70639,2814651720000,KOSPI
20261007,017810,풀무원,8740,13910,333173537080,KOSPI
20261007,017860,DS단석,13140,105124,231968750760,KOSPI
20261007,017900,광전자,10570,2246306,612465574910,KOSPI
20261007,017940,E1,91400,7662,627004000000,KOSPI
20261007,017960,한국카본,20250,139331,1046448841500,KOSPI
20261007,018250,애경산업,11260,19703,297375868100,KOSPI
20261007,018260,삼성에스디에스,207000,182058,16017204600000,KOSPI
20261007,018470,조일알미늄,5300,60455,134229623200,KOSPI
20261007,018500,동원모빌리티,1311,181786,61295717163,KOSPI
20261007,018670,SK가스,270500,31055,2507330502000,KOSPI
20261007,018880,한온시스템,3855,5377993,3956198923410,KOSPI
20261007,019170,신풍제약,11010,3637320,577127927220,KOSPI
20261007,019175,신풍제약우,15400,11102,30664942000,KOSPI
20261007,019180,티에이치엔,4985,55855,89730000000,KOSPI
20261007,019490,엑시큐어하이트론,541,0,41349858070,KOSPI
20261007,019680,대교,1612,11269,64856966200,KOSPI
20261007,019685,대교우B,985,10719,9567792575,KOSPI
20261007,020000,한섬,21700,91828,466050769800,KOSPI
20261007,020120,키다리스튜디오,6670,988223,247215319220,KOSPI
20261007,020150,롯데에너지머티리얼즈,53700,330231,2812025363100,KOSPI
20261007,020560,아시아나항공,8240,73467,1697363458640,KOSPI
20261007,020760,일진디스플,902,0,55503470462,KOSPI
20261007,021050,서원,1121,99854,53219015390,KOSPI
20261007,021240,코웨이,102200,116501,7232430937200,KOSPI
20261007,021820,세원정공,10470,6396,104700000000,KOSPI
20261007,0220W0,한화머시너리앤서비스홀딩스,6010,2244215,507938365350,KOSPI
20261007,0220WL,한화머시너리앤서비스홀딩스3우B,2430,155324,57443110200,KOSPI
20261007,022100,포스코DX,21050,201348,3200331045450,KOSPI
20261007,023000,삼원강재,2190,12584,87030503640,KOSPI
20261007,023150,MH에탄올,4540,11883,28154505820,KOSPI
20261007,023350,한국종합기술,3720,24991,40734000000,KOSPI
20261007,023450,동남합성,31500,116,110250000000,KOSPI
20261007,023530,롯데쇼핑,99000,173778,2800586745000,KOSPI
20261007,023590,다우기술,37700,47951,1631931662400,KOSPI
20261007,023800,인지컨트롤스,5020,17737,79362168940,KOSPI
20261007,023810,인팩,5380,9900,53800000000,KOSPI
20261007,023960,에쓰씨엔지니어링,1003,20648,38150080919,KOSPI
20261007,024070,WISCOM,1974,4400,30254388612,KOSPI
20261007,024090,디씨엠,11350,3757,129390000000,KOSPI
20261007,024110,기업은행,20100,431610,16028259966900,KOSPI
20261007,024720,콜마홀딩스,9270,9754,317926320930,KOSPI
20261007,024890,대원화성,1368,22220,11285767440,KOSPI
20261007,024900,디와이덕양,2180,82062,70991656400,KOSPI
20261007,025000,KPX케미칼,58600,9595,242998671000,KOSPI
20261007,025530,SJM홀딩스,3640,3403,54359789120,KOSPI
20261007,025540,한국단자,55000,13407,556325000000,KOSPI
20261007,025560,미래산업,7910,695487,219729342980,KOSPI
20261007,025620,차AI헬스케어,5480,5201,99757772040,KOSPI
20261007,025750,한솔홈데코,1867,57617,30083025143,KOSPI
20261007,025820,이구산업,4165,128698,139285930000,KOSPI
20261007,025860,남해화학,6030,124109,299563423290,KOSPI
20261007,025890,한국주강,2620,12050,29198893920,KOSPI
20261007,026890,스틱인베스트먼트,8250,65070,319859405250,KOSPI
20261007,026940,부국철강,2070,133672,41400000000,KOSPI
20261007,026960,동서,26450,33081,2637065000000,KOSPI
20261007,027410,BGF,3740,216810,357980798340,KOSPI
20261007,027740,마니커,1123,29072,35661554522,KOSPI
20261007,027970,한국제지,2700,12258,102681388800,KOSPI
20261007,028050,삼성E&A,48600,1885866,9525600000000,KOSPI
20261007,028100,동아지질,19770,17144,221861253090,KOSPI
20261007,028260,삼성물산,336000,244418,54488307216000,KOSPI
20261007,02826K,삼성물산우B,217500,2334,319200825000,KOSPI
20261007,028670,팬오션,6210,4342261,3319676669520,KOSPI
20261007,029460,케이씨,47250,64214,520720278750,KOSPI
20261007,029530,신도리코,38050,4468,369683488450,KOSPI
20261007,029780,삼성카드,41750,65945,4837108699250,KOSPI
20261007,030000,제일기획,18960,356662,2181181626000,KOSPI
20261007,030190,NICE평가정보,16850,83773,981828285850,KOSPI
20261007,030200,KT,51300,181517,12928712440500,KOSPI
20261007,030210,다올투자증권,3965,109010,241512535290,KOSPI
20261007,030610,교보증권,9800,35118,1116837017800,KOSPI
20261007,030720,동원수산,4460,55708,20755970300,KOSPI
20261007,031210,서울보증보험,42800,39518,2988364394400,KOSPI
20261007,031430,신세계인터내셔날,10810,84228,378198660000,KOSPI
20261007,031820,아이티센씨티에스,5780,50875,69967743880,KOSPI
20261007,032350,롯데관광개발,11280,561533,899303166240,KOSPI
20261007,032560,황금에스티,5570,7730,94690000000,KOSPI
20261007,032640,LG유플러스,14500,576463,6154202114000,KOSPI
20261007,032830,삼성생명,281000,171805,56200000000000,KOSPI
20261007,033240,자화전자,27450,71587,593071029900,KOSPI
20261007,033250,체시스,4005,31099,25632000000,KOSPI
20261007,033270,유나이티드제약,17970,22755,285916626750,KOSPI
20261007,033530,SJG세종,6790,27292,183685110210,KOSPI
20261007,033780,KT&G,179600,180210,18644357897600,KOSPI
20261007,033920,무학,7300,5103,208050000000,KOSPI
20261007,034020,두산에너빌리티,80500,2302133,51565172253000,KOSPI
20261007,034120,SBS,11690,1042,216863972220,KOSPI
20261007,034220,LG디스플레이,8250,2807479,4125000000000,KOSPI
20261007,034230,파라다이스,9810,721879,908694237420,KOSPI
20261007,034310,NICE,11700,14535,430058736900,KOSPI
20261007,034590,인천도시가스,26250,807,114837292500,KOSPI
20261007,034730,SK,580000,97345,42051567740000,KOSPI
20261007,03473K,SK우,374000,463,211734490000,KOSPI
20261007,034830,한국토지신탁,1118,294156,282282959140,KOSPI
20261007,035000,HS애드,6390,131010,103566845160,KOSPI
20261007,035150,백산,10380,17968,205223800020,KOSPI
20261007,035250,강원랜드,14330,154726,3065767365000,KOSPI
20261007,035420,NAVER,189000,514678,28745835741000,KOSPI
20261007,035510,신세계 I&C,15120,70313,211391208000,KOSPI
20261007,035720,카카오,33050,1223719,14641166855500,KOSPI
20261007,036420,콘텐트리중앙,1528,20178,29432806624,KOSPI
20261007,036460,한국가스공사,36400,115116,3360193200000,KOSPI
20261007,036530,SNT홀딩스,44650,9458,727968509900,KOSPI
20261007,036570,NC,237500,209191,5116705225000,KOSPI
20261007,036580,팜스코,2475,22641,90901658925,KOSPI
20261007,037270,YG PLUS,3155,231151,200857112050,KOSPI
20261007,037560,LG헬로비전,1560,70264,120817109400,KOSPI
20261007,037710,광주신세계,33650,11132,256654337800,KOSPI
20261007,039130,하나투어,30150,12309,467021449800,KOSPI
20261007,039490,키움증권,247000,79260,6478394052000,KOSPI
20261007,039570,HDC랩스,7410,4836,192345823410,KOSPI
20261007,041650,상신브레이크,2160,7688,46378332000,KOSPI
20261007,042660,한화오션,74100,820811,22705232495400,KOSPI
20261007,042700,한미반도체,264500,605179,25210076900000,KOSPI
20261007,044380,주연테크,436,0,6058793776,KOSPI
20261007,044450,KSS해운,12230,43379,276123130750,KOSPI
20261007,044820,코스맥스비티아이,25250,104886,242499005250,KOSPI
20261007,047040,대우건설,17340,3761046,7125138442920,KOSPI
20261007,047050,포스코인터내셔널,57200,380369,10062783473600,KOSPI
20261007,047400,유니온머티리얼,851,276159,35742000000,KOSPI
20261007,047810,한국항공우주,121800,436389,11872468032600,KOSPI
20261007,049800,우진플라임,1981,35079,39620000000,KOSPI
20261007,051600,한전KPS,44400,95637,1998000000000,KOSPI
20261007,051630,진양화학,1720,2037368,36464000000,KOSPI
20261007,051900,LG생활건강,271000,53504,4058366733000,KOSPI
20261007,051905,LG생활건강우,94000,3518,197048346000,KOSPI
20261007,051910,LG화학,277000,173596,19554078457000,KOSPI
20261007,051915,LG화학우,122400,33920,940369701600,KOSPI
20261007,052690,한전기술,127800,331971,4884516000000,KOSPI
20261007,053210,스카이라이프,4050,36167,192467967750,KOSPI
20261007,053690,한미글로벌,20300,109231,222438265000,KOSPI
20261007,055490,테이팩스,16600,8057,79458390000,KOSPI
20261007,055550,신한지주,103300,666867,48494209688700,KOSPI
20261007,058430,포스코스틸리온,4470,230471,268200000000,KOSPI
20261007,058650,세아홀딩스,126300,1135,512176306800,KOSPI
20261007,058730,다스코,3140,176385,63588928140,KOSPI
20261007,058850,KTcs,2205,46502,91296812250,KOSPI
20261007,058860,KTis,2625,78305,91355250000,KOSPI
20261007,060980,HL홀딩스,37600,6646,336758647200,KOSPI
20261007,062040,산일전기,231500,417822,7093819775000,KOSPI
20261007,063160,종근당바이오,15070,519586,82673447340,KOSPI
20261007,064350,현대로템,107900,343742,11776453414700,KOSPI
20261007,064400,LG씨엔에스,69100,696414,6694819006800,KOSPI
20261007,064960,SNT모티브,26650,30945,707298248800,KOSPI
20261007,066570,LG전자,208000,1824551,33880004704000,KOSPI
20261007,066575,LG전자우,73700,166830,1266261736300,KOSPI
20261007,066970,엘앤에프,117600,428577,4784695238400,KOSPI
20261007,067830,세이브존I&C,2360,18190,96856512200,KOSPI
20261007,068270,셀트리온,183500,254258,42685251796000,KOSPI
20261007,068290,삼성출판사,6230,9461,62300000000,KOSPI
20261007,069260,TKG휴켐스,15840,40989,647516833920,KOSPI
20261007,069460,대호에이엘,2660,0,46322277400,KOSPI
20261007,069620,대웅제약,110400,10061,1279157880000,KOSPI
20261007,069640,한세엠케이,1419,25000,30842647539,KOSPI
20261007,069730,DSR제강,5410,21807,77904000000,KOSPI
20261007,069960,현대백화점,86800,101607,1871834361600,KOSPI
20261007,070960,모나용평,1918,68571,92319732694,KOSPI
20261007,071050,한국금융지주,174400,137869,9718613004800,KOSPI
20261007,071055,한국금융지주우,140000,10849,820155140000,KOSPI
20261007,071090,하이스틸,3455,396073,69761532305,KOSPI
20261007,071320,지역난방공사,79000,8613,914720776000,KOSPI
20261007,071840,롯데하이마트,5910,10919,139521577920,KOSPI
20261007,071950,코아스,1458,135568,21081506310,KOSPI
20261007,071970,HD현대마린엔진,45000,231119,1526467275000,KOSPI
20261007,072130,유엔젤,4700,31151,59668633800,KOSPI
20261007,072710,농심홀딩스,88800,830,411835752000,KOSPI
20261007,073240,금호타이어,6660,660003,1913153511420,KOSPI
20261007,074610,이엔플러스,5110,0,44815400070,KOSPI
20261007,075180,새론오토모티브,2890,9507,55488000000,KOSPI
20261007,075580,세진중공업,9810,87708,557693163360,KOSPI
20261007,077500,유니퀘스트,9770,355160,211032996540,KOSPI
20261007,077970,STX엔진,22100,122035,887272192300,KOSPI
20261007,078000,텔코웨어,13530,498,125018241810,KOSPI
20261007,078520,에이블씨엔씨,11880,154696,296565500880,KOSPI
20261007,078930,GS,109900,455444,10209214900500,KOSPI
20261007,078935,GS우,60000,3174,106780560000,KOSPI
20261007,079160,CJ CGV,5030,186651,832881468910,KOSPI
20261007,079430,현대리바트,5570,9540,112036105140,KOSPI
20261007,079550,LIG디펜스앤에어로스페이스,659000,180171,14498000000000,KOSPI
20261007,079900,전진건설로봇,39050,28045,569838882250,KOSPI
20261007,079980,휴비스,1930,23743,66585000000,KOSPI
20261007,081000,일진다이아,9550,7337,135638411250,KOSPI
20261007,081660,미스토홀딩스,39200,168197,2081200128000,KOSPI
20261007,082740,한화엔진,45300,479483,3780155532600,KOSPI
20261007,083420,그린케미칼,4725,21262,113400000000,KOSPI
20261007,084010,대한제강,8940,100737,307282068240,KOSPI
20261007,084670,동양고속,29250,100481,84695393250,KOSPI
20261007,084680,이월드,2260,47702,64096397880,KOSPI
20261007,084690,대상홀딩스,7860,29440,284630548680,KOSPI
20261007,084695,대상홀딩스우,14010,2619,12797882820,KOSPI
20261007,084870,TBH글로벌,2205,4464,45110454480,KOSPI
20261007,085310,엔케이,8810,14588,65353231940,KOSPI
20261007,085620,미래에셋생명,22650,619843,3061827000000,KOSPI
20261007,086280,현대글로비스,188000,191435,14100000000000,KOSPI
20261007,086790,하나금융지주,128900,440431,34928021399000,KOSPI
20261007,088260,이리츠코크렙,3210,18942,203326503900,KOSPI
20261007,088350,한화생명,5310,1649470,4611894300000,KOSPI
20261007,088790,진도,2315,40198,28816527360,KOSPI
20261007,088980,맥쿼리인프라,9800,632179,4693435531400,KOSPI
20261007,089470,HDC현대EP,3825,39990,122017500000,KOSPI
20261007,089590,제주항공,4585,236855,369738916225,KOSPI
20261007,089860,롯데렌탈,51300,59902,1862671604400,KOSPI
20261007,090080,평화산업,998,98113,54792454482,KOSPI
20261007,090350,노루페인트,8350,155160,167000000000,KOSPI
20261007,090355,노루페인트우,12220,4,5659399720,KOSPI
20261007,090370,메타랩스,1145,28212,31263868905,KOSPI
20261007,090430,아모레퍼시픽,138500,242450,8101247121500,KOSPI
20261007,090435,아모레퍼시픽우,40150,28285,423896874500,KOSPI
20261007,090460,비에이치,22200,638356,748396143600,KOSPI
20261007,091810,트리니티항공,2610,46974,266496897510,KOSPI
20261007,092200,디아이씨,5710,178344,222053728990,KOSPI
20261007,092220,KEC,3090,442964,124071620520,KOSPI
20261007,092230,KPX홀딩스,95700,867,377901021300,KOSPI
20261007,092440,기신정기,1859,10051,54282800000,KOSPI
20261007,092780,DYP,3320,28727,43719287200,KOSPI
20261007,092790,넥스틸,13730,265899,357007460000,KOSPI
20261007,093050,LF,23700,31332,692988000000,KOSPI
20261007,093240,형지엘리트,296,0,18171516664,KOSPI
20261007,093370,후성,15270,3140613,1637788889100,KOSPI
20261007,094280,효성ITX,11810,15711,136502342000,KOSPI
20261007,094800,맵스리얼티,7500,81826,696257482500,KOSPI
20261007,095570,AJ네트웍스,4285,41462,193908072315,KOSPI
20261007,095720,웅진씽크빅,1197,24551,68022020745,KOSPI
20261007,096760,JW홀딩스,4230,51518,312702504660,KOSPI
20261007,096770,SK이노베이션,159600,990714,26980824964800,KOSPI
20261007,096775,SK이노베이션우,74600,8937,93132579600,KOSPI
20261007,097230,HJ중공업,14870,193211,1342691765280,KOSPI
20261007,097520,엠씨넥스,19170,29557,333586755000,KOSPI
20261007,097950,CJ제일제당,182500,65837,2747388945000,KOSPI
20261007,097955,CJ제일제당 우,110200,2733,146283116600,KOSPI
20261007,100090,SK오션플랜트,12400,498781,774728799600,KOSPI
20261007,100220,비상교육,4985,14491,64788753885,KOSPI
20261007,100250,진양홀딩스,3020,192724,192978000000,KOSPI
20261007,100840,SNT에너지,33350,134188,659032951800,KOSPI
20261007,101140,인바이오젠,5080,2137,51024617280,KOSPI
20261007,101530,해태제과식품,5530,0,161016025660,KOSPI
20261007,102260,동성케미컬,3690,55472,186970790790,KOSPI
20261007,102460,이연제약,10240,44191,190328944640,KOSPI
20261007,103140,풍산,68000,457283,1905650904000,KOSPI
20261007,103590,일진전기,88000,702859,4196314320000,KOSPI
20261007,104700,한국철강,9380,12521,341901000000,KOSPI
20261007,105560,KB금융,168500,531894,59764883179000,KOSPI
20261007,105630,한세실업,8790,20838,351600000000,KOSPI
20261007,105840,우진,12970,321321,261963779900,KOSPI
20261007,107590,미원홀딩스,59200,43,137344000000,KOSPI
20261007,108320,LX세미콘,37600,55624,611537680000,KOSPI
20261007,108670,LX하우시스,32650,7886,292794425500,KOSPI
20261007,108675,LX하우시스우,18100,1184,18685173000,KOSPI
20261007,109070,주성코퍼레이션,7040,15213,74356803840,KOSPI
20261007,111110,호전실업,6310,1466,57206460000,KOSPI
20261007,111380,동인기연,12820,2487,78560960000,KOSPI
20261007,111770,영원무역,70800,69903,3137251934400,KOSPI
20261007,112610,씨에스윈드,57200,260590,2412204251600,KOSPI
20261007,114090,GKL,8600,172582,531958762000,KOSPI
20261007,117580,대성에너지,7060,70373,194150000000,KOSPI
20261007,118000,메타케어,1199,23748,26444886215,KOSPI
20261007,119650,KC코트렐,918,0,100782913662,KOSPI
20261007,120030,조선선재,81900,240,103001616900,KOSPI
20261007,120110,코오롱인더,56000,117073,1676977792000,KOSPI
20261007,120115,코오롱인더우,25650,1926,70995609000,KOSPI
20261007,122900,아이마켓코리아,8230,50619,275119353200,KOSPI
20261007,123690,한국화장품,6590,385234,105888120000,KOSPI
20261007,123700,SJM,3260,16637,50871967480,KOSPI
20261007,123890,한국자산신탁,2415,64347,295533031290,KOSPI
20261007,126560,현대퓨처넷,3375,26289,368553510000,KOSPI
20261007,126720,수산인더스트리,21750,20379,310720500000,KOSPI
20261007,128820,대성산업,5000,6992816,226177390000,KOSPI
20261007,128940,한미약품,534000,191955,6841069194000,KOSPI
20261007,129260,인터지스,1899,12316,56491212726,KOSPI
20261007,130660,한전산업,12150,171986,396090000000,KOSPI
20261007,133820,화인베스틸,966,16280,35852608932,KOSPI
20261007,134380,미원화학,10260,679,225644896800,KOSPI
20261007,134790,시디즈,18560,354,37120000000,KOSPI
20261007,136490,선진,10240,39667,243503144960,KOSPI
20261007,137310,에스디바이오센서,6850,509595,827131348700,KOSPI
20261007,138040,메리츠금융지주,130400,112836,21822084399200,KOSPI
20261007,138930,BNK금융지주,15480,866086,4749879345480,KOSPI
20261007,139130,iM금융지주,18000,573194,2850541344000,KOSPI
20261007,139480,이마트,71300,66690,1967581894700,KOSPI
20261007,139990,아주스틸,2280,16389,88362343920,KOSPI
20261007,143210,핸즈코퍼레이션,1199,0,33571739817,KOSPI
20261007,145210,다이나믹디자인,2240,0,9461011840,KOSPI
20261007,145270,케이탑리츠,800,20265,38448619200,KOSPI
20261007,145720,덴티움,40000,17850,344955640000,KOSPI
20261007,145990,삼양사,46100,4688,475449998900,KOSPI
20261007,145995,삼양사우,32150,234,11897750500,KOSPI
20261007,155660,DSR,4225,30864,67600000000,KOSPI
20261007,161000,애경케미칼,10820,206353,526379031380,KOSPI
20261007,161390,한국타이어앤테크놀로지,60700,150448,7519216688300,KOSPI
20261007,161890,한국콜마,145600,512440,3436899211200,KOSPI
20261007,163560,동일고무벨트,5490,30324,76311000000,KOSPI
20261007,170900,동아에스티,35400,6160,344366987400,KOSPI
20261007,175330,JB금융지주,28250,259023,5269241528000,KOSPI
20261007,178920,PI첨단소재,20350,48859,597604652700,KOSPI
20261007,180640,한진칼,133900,31496,8939468622500,KOSPI
20261007,18064K,한진칼우,29700,1358,15749820900,KOSPI
20261007,181710,NHN,56900,73962,1839518108500,KOSPI
20261007,183190,아세아시멘트,9960,34214,358343589120,KOSPI
20261007,185750,종근당,66200,14308,913744036000,KOSPI
20261007,192080,더블유게임즈,57300,56380,1213239716400,KOSPI
20261007,192400,쿠쿠홀딩스,27300,12669,970847650500,KOSPI
20261007,192650,드림텍,9120,721547,600887880480,KOSPI
20261007,192820,코스맥스,308500,203211,3501323526500,KOSPI
20261007,194370,제이에스코퍼레이션,12000,34617,348201096000,KOSPI
20261007,195870,해성디에스,64700,262563,1099900000000,KOSPI
20261007,200880,서연이화,11050,19922,298664228850,KOSPI
20261007,204320,HL만도,45600,334481,2141244672000,KOSPI
20261007,207940,삼성바이오로직스,1277000,62482,59113544427000,KOSPI
20261007,210540,디와이파워,11070,19434,122231707560,KOSPI
20261007,210980,SK디앤디,3070,170676,57155362740,KOSPI
20261007,213500,한솔제지,7140,10557,169936112640,KOSPI
20261007,214320,이노션,17960,42027,718400000000,KOSPI
20261007,214330,금호에이치티,6850,14621,71629963650,KOSPI
20261007,214390,경보제약,5500,24927,131487730000,KOSPI
20261007,214420,토니모리,5080,75432,122198378920,KOSPI
20261007,217590,티엠씨,18890,4722224,455139910250,KOSPI
20261007,226320,잇츠한불,11760,99483,257888744400,KOSPI
20261007,227840,현대코퍼레이션홀딩스,12670,4313,115307592120,KOSPI
20261007,229640,LS에코에너지,69000,243392,2113116651000,KOSPI
20261007,234080,JW생명과학,10940,18396,173230020760,KOSPI
20261007,241560,두산밥캣,55000,132710,5272083575000,KOSPI
20261007,241590,화승엔터프라이즈,2675,25278,162076313300,KOSPI
20261007,244920,에이플러스에셋,12670,11543,286439470310,KOSPI
20261007,248070,솔루엠,17580,918495,840609428880,KOSPI
20261007,248170,샘표식품,21850,10200,99780122600,KOSPI
20261007,249420,일동제약,14810,213675,468562512120,KOSPI
20261007,251270,넷마블,34550,150710,2873123583750,KOSPI
20261007,259960,크래프톤,200500,76850,9206195694000,KOSPI
20261007,264900,크라운제과,7630,1822,95556975500,KOSPI
20261007,26490K,크라운제과우,7550,101,5840378000,KOSPI
20261007,267250,HD현대,189500,212050,14969189607500,KOSPI
20261007,267260,HD현대일렉트릭,628000,234251,22637600780000,KOSPI
20261007,267270,HD건설기계,115300,473625,5476448605800,KOSPI
20261007,267290,경동도시가스,20900,4257,123213985400,KOSPI
20261007,267850,아시아나IDT,9330,6887,103563000000,KOSPI
20261007,268280,미원에스씨,126300,981,631500000000,KOSPI
20261007,271560,오리온,106100,73373,4194004406800,KOSPI
20261007,271940,일진하이솔루스,11690,22727,424501191100,KOSPI
20261007,271980,제일약품,10330,86064,151901327760,KOSPI
20261007,272210,한화시스템,77600,694543,14660144586400,KOSPI
20261007,272450,진에어,5830,37926,304326000000,KOSPI
20261007,272550,삼양패키징,9850,8462,148423799100,KOSPI
20261007,278470,에이피알,379000,375758,14189060745000,KOSPI
20261007,279570,케이뱅크,5420,237155,2198867718420,KOSPI
20261007,280360,롯데웰푸드,122700,10328,1129401229800,KOSPI
20261007,281820,케이씨텍,123000,1122531,2435235303000,KOSPI
20261007,282330,BGF리테일,130000,45161,2246907780000,KOSPI
20261007,284740,쿠쿠홈시스,24900,35999,558689517000,KOSPI
20261007,285130,SK케미칼,51400,18247,889156572400,KOSPI
20261007,28513K,SK케미칼우,25500,290,53943439500,KOSPI
20261007,286940,롯데이노베이트,17630,13748,266730740210,KOSPI
20261007,293480,하나제약,8480,10293,150714582080,KOSPI
20261007,293940,신한알파리츠,5530,56492,668798880190,KOSPI
20261007,294870,IPARK현대산업개발,22150,72499,1459847359500,KOSPI
20261007,298000,효성화학,52000,7896,197174172000,KOSPI
20261007,298020,효성티앤씨,283000,13579,1224734006000,KOSPI
20261007,298040,효성중공업,2588000,142285,24131930224000,KOSPI
20261007,298050,HS효성첨단소재,162700,4974,728887539600,KOSPI
20261007,298690,에어부산,1500,23419,244372308000,KOSPI
20261007,300720,한일시멘트,16180,35728,1189961481620,KOSPI
20261007,302440,SK바이오사이언스,38000,82432,2981349014000,KOSPI
20261007,306200,세아제강,148500,6474,421190550000,KOSPI
20261007,307950,현대오토에버,374000,43839,10256569268000,KOSPI
20261007,308170,씨티알모빌리티,3320,3262,28585200000,KOSPI
20261007,316140,우리금융지주,33350,1448165,24571831675950,KOSPI
20261007,317400,자이에스앤디,9910,380245,384334773200,KOSPI
20261007,317450,명인제약,43350,6127,632910000000,KOSPI
20261007,322000,HD현대에너지솔루션,145500,236514,1629600000000,KOSPI
20261007,323410,카카오뱅크,19860,413575,9475611878820,KOSPI
20261007,326030,SK바이오팜,76000,68396,5951807000000,KOSPI
20261007,329180,HD현대중공업,400000,332852,41984490000000,KOSPI
20261007,330590,롯데리츠,4155,115894,1200665713020,KOSPI
20261007,334890,이지스밸류플러스리츠,3630,34021,252098719290,KOSPI
20261007,336260,두산퓨얼셀,45250,472951,2963591101500,KOSPI
20261007,33626K,두산퓨얼셀1우,6160,6164,82323472000,KOSPI
20261007,33626L,두산퓨얼셀2우B,7410,1132,22128483000,KOSPI
20261007,336370,솔루스첨단소재,8880,122398,623485206240,KOSPI
20261007,33637K,솔루스첨단소재1우,1543,3478,26087646042,KOSPI
20261007,33637L,솔루스첨단소재2우B,2270,691,8575814840,KOSPI
20261007,338100,NH프라임리츠,3780,152639,70534800000,KOSPI
20261007,339770,교촌에프앤비,3920,20036,195863113600,KOSPI
20261007,344820,KCC글라스,24000,6911,383292288000,KOSPI
20261007,348950,제이알글로벌리츠,1182,0,233298432000,KOSPI
20261007,350520,이지스레지던스리츠,3215,11618,118524839430,KOSPI
20261007,352820,하이브,167000,449257,7198841612000,KOSPI
20261007,353200,대덕전자,151300,865457,7476780752500,KOSPI
20261007,35320K,대덕전자1우,27800,8265,58255428200,KOSPI
20261007,357120,코람코라이프인프라리츠,4060,65657,395181537240,KOSPI
20261007,357250,미래에셋맵스리츠,1852,14930,46290934460,KOSPI
20261007,357430,마스턴프리미어리츠,781,12769,23824644767,KOSPI
20261007,361610,SK아이이테크놀로지,18280,467303,1495068188000,KOSPI
20261007,363280,티와이홀딩스,2005,15133,91222152665,KOSPI
20261007,36328K,티와이홀딩스우,2890,1456,3395602610,KOSPI
20261007,365550,ESR켄달스퀘어리츠,3130,124811,770258570000,KOSPI
20261007,372910,한컴라이프케어,2115,101998,58531368690,KOSPI
20261007,373220,LG에너지솔루션,391000,354152,91494000000000,KOSPI
20261007,375500,DL이앤씨,72100,191337,2789810218300,KOSPI
20261007,37550K,DL이앤씨우,26350,1856,55700869750,KOSPI
20261007,37550L,DL이앤씨2우(전환),45950,1189,97044148450,KOSPI
20261007,377190,디앤디플랫폼리츠,1989,80651,175827600000,KOSPI
20261007,377300,카카오페이,39600,123426,5357904631200,KOSPI
20261007,377740,바이오노트,4700,62116,478864425600,KOSPI
20261007,378850,화승알앤에이,2815,7676,53467048745,KOSPI
20261007,381970,KG모빌리티플랫폼,6280,56398,306594925440,KOSPI
20261007,383220,F&F,74100,56120,2838554257500,KOSPI
20261007,383800,LX홀딩스,8010,63167,611008326900,KOSPI
20261007,38380K,LX홀딩스1우,7670,219,11238735950,KOSPI
20261007,395400,SK리츠,5320,145402,1601413738400,KOSPI
20261007,396690,미래에셋글로벌리츠,1325,38633,52477870500,KOSPI
20261007,400760,NH올원리츠,2815,31467,154625909125,KOSPI
20261007,402340,SK스퀘어,1142000,545346,150657205716000,KOSPI
20261007,403550,쏘카,11500,19146,436309333000,KOSPI
20261007,404990,신한서부티엔디리츠,3860,38176,237883539600,KOSPI
20261007,415640,KB발해인프라,10040,76155,1230357301920,KOSPI
20261007,417310,코람코더원리츠,2380,90419,96152000000,KOSPI
20261007,432320,KB스타리츠,1614,193773,243333555990,KOSPI
20261007,439260,대한조선,46600,34891,1774934818000,KOSPI
20261007,443060,HD현대마린솔루션,220000,83814,9863361200000,KOSPI
20261007,446070,유니드비티플러스,3935,37932,41755131025,KOSPI
20261007,448730,삼성FN리츠,5080,32421,462534000000,KOSPI
20261007,450080,에코프로머티,38250,345809,2708630527500,KOSPI
20261007,451800,한화리츠,5340,42850,959064000000,KOSPI
20261007,452260,한화갤러리아,2625,1027336,508881476250,KOSPI
20261007,45226K,한화갤러리아우,4415,6050,12823235050,KOSPI
20261007,453340,현대그린푸드,18990,35995,616635437130,KOSPI
20261007,454910,두산로보틱스,71200,333575,4615182576000,KOSPI
20261007,456040,OCI,73000,15448,653532135000,KOSPI
20261007,457190,이수스페셜티케미컬,79400,227901,2399378436800,KOSPI
20261007,460850,동국씨엠,5300,31506,158462876800,KOSPI
20261007,460860,동국제강,9670,211412,479709524390,KOSPI
20261007,462520,조선내화,12860,41274,152457460480,KOSPI
20261007,462870,시프트업,31350,29135,1841558251500,KOSPI
20261007,465770,STX그린로지스,2155,560733,15555608900,KOSPI
20261007,475150,SK이터닉스,49100,481943,1672689896400,KOSPI
20261007,475560,더본코리아,14200,11612,210557174000,KOSPI
20261007,480370,씨케이솔루션,2100,458995,68210956800,KOSPI
20261007,481850,신한글로벌액티브리츠,975,12723,42390722400,KOSPI
20261007,483650,달바글로벌,182800,128530,2289965762000,KOSPI
20261007,484870,엠앤씨솔루션,19270,192678,529186959000,KOSPI
20261007,487570,HS효성,50300,1292,187414128100,KOSPI
20261007,489790,한화비전,49400,123637,2494126466000,KOSPI
20261007,499790,GS피앤엘,37900,49155,751588873900,KOSPI
20261007,900140,엘브이엠씨홀딩스,1169,277389,225898065008,KOSPI
20261007,950210,프레스티지바이오파마,5930,27933,356370199150,KOSPI
